"website","country"
"",""
"",""
"",""
"",""
"",""
"www.northlands.com","Edmonton, Canadá"
"",""
"www.bgcburbank.org","Burbank, Estados Unidos"
"www.emilabs.ai/","Buenos Aires, Argentina"
"www.emilabs.ai/","Buenos Aires, Argentina"
"www.emilabs.ai/","Buenos Aires, Argentina"
"www.oneschoolglobal.com","New York, Estados Unidos"
"www.oneschoolglobal.com","New York, Estados Unidos"
"www.rokolabs.com","New York, Estados Unidos"
"",""
"",""
"",""
"",""
"",""
"vertoeducation.org","Denver, Estados Unidos"
"",""
"",""
"",""
"",""
"",""
"",""
"",""
"",""