[
  {
    "a_date_farmed": "16/07/2024",
    "b_source": "10Times",
    "c_scraped_url": "https://10times.com/washington-strategic-leadership-conference",
    "d": "New Lead",
    "e": "Opportunity",
    "f": "Juan",
    "g": "Juan",
    "h": "Lara",
    "i": "Scraping",
    "j": "EDU Business",
    "k": "EDU Events",
    "l": "",
    "m_date_of_event": "Sun, 12 - Tue, 14 Jan 2025",
    "n_event_name": "Washington International Strategic Leadership Conference (USA Leadership Conference)",
    "o_description": "",
    "p": "",
    "q": "",
    "r": "",
    "s_state_province": "Greenbelt",
    "t": "Vietnam",
    "u": "Southeast Asia",
    "v": "",
    "w": "",
    "x": "",
    "y": "",
    "z": "",
    "aa": "",
    "ab_business_info": "",
    "ac_website": "",
    "ad": "",
    "ae": "",
    "af_country": "",
    "ag": ""
  },
  {
    "a_date_farmed": "16/07/2024",
    "b_source": "10Times",
    "c_scraped_url": "https://10times.com/international-surface-event",
    "d": "New Lead",
    "e": "Opportunity",
    "f": "Juan",
    "g": "Juan",
    "h": "Lara",
    "i": "Scraping",
    "j": "EDU Business",
    "k": "EDU Events",
    "l": "",
    "m_date_of_event": "Tue, 28 - Thu, 30 Jan 2025",
    "n_event_name": "The International Surface Event (TISE)",
    "o_description": "",
    "p": "",
    "q": "",
    "r": "",
    "s_state_province": "Las Vegas",
    "t": "Vietnam",
    "u": "Southeast Asia",
    "v": "",
    "w": "",
    "x": "",
    "y": "",
    "z": "",
    "aa": "",
    "ab_business_info": "",
    "ac_website": "",
    "ad": "",
    "ae": "",
    "af_country": "",
    "ag": ""
  },
  {
    "a_date_farmed": "16/07/2024",
    "b_source": "10Times",
    "c_scraped_url": "",
    "d": "New Lead",
    "e": "Opportunity",
    "f": "Juan",
    "g": "Juan",
    "h": "Lara",
    "i": "Scraping",
    "j": "EDU Business",
    "k": "EDU Events",
    "l": "",
    "m_date_of_event": "",
    "n_event_name": "",
    "o_description": "",
    "p": "",
    "q": "",
    "r": "",
    "s_state_province": "",
    "t": "Vietnam",
    "u": "Southeast Asia",
    "v": "",
    "w": "",
    "x": "",
    "y": "",
    "z": "",
    "aa": "",
    "ab_business_info": "",
    "ac_website": "",
    "ad": "",
    "ae": "",
    "af_country": "",
    "ag": ""
  },
  {
    "a_date_farmed": "16/07/2024",
    "b_source": "10Times",
    "c_scraped_url": "https://10times.com/mas-icna-annual-convention",
    "d": "New Lead",
    "e": "Opportunity",
    "f": "Juan",
    "g": "Juan",
    "h": "Lara",
    "i": "Scraping",
    "j": "EDU Business",
    "k": "EDU Events",
    "l": "",
    "m_date_of_event": "Thu, 26 - Sat, 28 Dec 2024",
    "n_event_name": "MAS-ICNA Annual Convention",
    "o_description": "",
    "p": "",
    "q": "",
    "r": "",
    "s_state_province": "Chicago",
    "t": "Vietnam",
    "u": "Southeast Asia",
    "v": "",
    "w": "",
    "x": "",
    "y": "",
    "z": "",
    "aa": "",
    "ab_business_info": "",
    "ac_website": "",
    "ad": "",
    "ae": "",
    "af_country": "",
    "ag": ""
  },
  {
    "a_date_farmed": "16/07/2024",
    "b_source": "10Times",
    "c_scraped_url": "",
    "d": "New Lead",
    "e": "Opportunity",
    "f": "Juan",
    "g": "Juan",
    "h": "Lara",
    "i": "Scraping",
    "j": "EDU Business",
    "k": "EDU Events",
    "l": "",
    "m_date_of_event": "",
    "n_event_name": "",
    "o_description": "",
    "p": "",
    "q": "",
    "r": "",
    "s_state_province": "",
    "t": "Vietnam",
    "u": "Southeast Asia",
    "v": "",
    "w": "",
    "x": "",
    "y": "",
    "z": "",
    "aa": "",
    "ab_business_info": "",
    "ac_website": "",
    "ad": "",
    "ae": "",
    "af_country": "",
    "ag": ""
  },
  {
    "a_date_farmed": "16/07/2024",
    "b_source": "10Times",
    "c_scraped_url": "https://10times.com/passion-conference",
    "d": "New Lead",
    "e": "Opportunity",
    "f": "Juan",
    "g": "Juan",
    "h": "Lara",
    "i": "Scraping",
    "j": "EDU Business",
    "k": "EDU Events",
    "l": "",
    "m_date_of_event": "Thu, 02 - Sat, 04 Jan 2025",
    "n_event_name": "Passion Conference",
    "o_description": "Followers",
    "p": "",
    "q": "",
    "r": "",
    "s_state_province": "Philips Arena, Atlanta, USAGet Directions",
    "t": "Vietnam",
    "u": "Southeast Asia",
    "v": "",
    "w": "",
    "x": "",
    "y": "",
    "z": "",
    "aa": "",
    "ab_business_info": "Passion City Church",
    "ac_website": "",
    "ad": "",
    "ae": "",
    "af_country": "",
    "ag": "",
    "company_url": "https://10times.com/company/passion-city-church"
  },
  {
    "a_date_farmed": "16/07/2024",
    "b_source": "10Times",
    "c_scraped_url": "https://10times.com/hawaii-international-conference",
    "d": "New Lead",
    "e": "Opportunity",
    "f": "Juan",
    "g": "Juan",
    "h": "Lara",
    "i": "Scraping",
    "j": "EDU Business",
    "k": "EDU Events",
    "l": "",
    "m_date_of_event": "Sat, 04 - Tue, 07 Jan 2025",
    "n_event_name": "Hawaii International Conference on Education Annual Conference",
    "o_description": "",
    "p": "",
    "q": "",
    "r": "",
    "s_state_province": "",
    "t": "Vietnam",
    "u": "Southeast Asia",
    "v": "",
    "w": "",
    "x": "",
    "y": "",
    "z": "",
    "aa": "",
    "ab_business_info": "",
    "ac_website": "",
    "ad": "",
    "ae": "",
    "af_country": "",
    "ag": "",
    "company_url": ""
  },
  {
    "a_date_farmed": "16/07/2024",
    "b_source": "10Times",
    "c_scraped_url": "https://10times.com/winterlight-39",
    "d": "New Lead",
    "e": "Opportunity",
    "f": "Juan",
    "g": "Juan",
    "h": "Lara",
    "i": "Scraping",
    "j": "EDU Business",
    "k": "EDU Events",
    "l": "",
    "m_date_of_event": "Sat, 28 Dec 2024 - Wed, 01 Jan 2025",
    "n_event_name": "Winterlight Conference",
    "o_description": "",
    "p": "",
    "q": "",
    "r": "",
    "s_state_province": "",
    "t": "Vietnam",
    "u": "Southeast Asia",
    "v": "",
    "w": "",
    "x": "",
    "y": "",
    "z": "",
    "aa": "",
    "ab_business_info": "",
    "ac_website": "",
    "ad": "",
    "ae": "",
    "af_country": "",
    "ag": "",
    "company_url": ""
  },
  {
    "a_date_farmed": "16/07/2024",
    "b_source": "10Times",
    "c_scraped_url": "https://10times.com/e1r5-62p6-kxdp",
    "d": "New Lead",
    "e": "Opportunity",
    "f": "Juan",
    "g": "Juan",
    "h": "Lara",
    "i": "Scraping",
    "j": "EDU Business",
    "k": "EDU Events",
    "l": "",
    "m_date_of_event": "Tue, 14 - Wed, 15 Jan 2025",
    "n_event_name": "HR Vision New York",
    "o_description": "",
    "p": "",
    "q": "",
    "r": "",
    "s_state_province": "",
    "t": "Vietnam",
    "u": "Southeast Asia",
    "v": "",
    "w": "",
    "x": "",
    "y": "",
    "z": "",
    "aa": "",
    "ab_business_info": "",
    "ac_website": "",
    "ad": "",
    "ae": "",
    "af_country": "",
    "ag": "",
    "company_url": ""
  },
  {
    "a_date_farmed": "16/07/2024",
    "b_source": "10Times",
    "c_scraped_url": "https://10times.com/iabpad-winter-conference",
    "d": "New Lead",
    "e": "Opportunity",
    "f": "Juan",
    "g": "Juan",
    "h": "Lara",
    "i": "Scraping",
    "j": "EDU Business",
    "k": "EDU Events",
    "l": "",
    "m_date_of_event": "Thu, 02 - Sun, 05 Jan 2025",
    "n_event_name": "International Academy of Business and Public Administration Disciplines Conference (IABPAD Conference)",
    "o_description": "",
    "p": "",
    "q": "",
    "r": "",
    "s_state_province": "",
    "t": "Vietnam",
    "u": "Southeast Asia",
    "v": "",
    "w": "",
    "x": "",
    "y": "",
    "z": "",
    "aa": "",
    "ab_business_info": "",
    "ac_website": "",
    "ad": "",
    "ae": "",
    "af_country": "",
    "ag": "",
    "company_url": ""
  },
  {
    "a_date_farmed": "16/07/2024",
    "b_source": "10Times",
    "c_scraped_url": "https://10times.com/iice-hawaii",
    "d": "New Lead",
    "e": "Opportunity",
    "f": "Juan",
    "g": "Juan",
    "h": "Lara",
    "i": "Scraping",
    "j": "EDU Business",
    "k": "EDU Events",
    "l": "",
    "m_date_of_event": "Fri, 03 - Mon, 06 Jan 2025",
    "n_event_name": "IAFOR International Conference on Education",
    "o_description": "Followers",
    "p": "",
    "q": "",
    "r": "",
    "s_state_province": "Hawaii Convention Center, Honolulu, USAGet Directions",
    "t": "Vietnam",
    "u": "Southeast Asia",
    "v": "",
    "w": "",
    "x": "",
    "y": "",
    "z": "",
    "aa": "",
    "ab_business_info": "International Academic Forum (IAFOR)",
    "ac_website": "",
    "ad": "",
    "ae": "",
    "af_country": "",
    "ag": "",
    "company_url": "https://10times.com/company/international-academic-forum-iafor"
  },
  {
    "a_date_farmed": "16/07/2024",
    "b_source": "10Times",
    "c_scraped_url": "https://10times.com/fetc-conference-expo",
    "d": "New Lead",
    "e": "Opportunity",
    "f": "Juan",
    "g": "Juan",
    "h": "Lara",
    "i": "Scraping",
    "j": "EDU Business",
    "k": "EDU Events",
    "l": "",
    "m_date_of_event": "Tue, 14 - Fri, 17 Jan 2025",
    "n_event_name": "Future of Education Technology Conference & Expo (FETC)",
    "o_description": "",
    "p": "",
    "q": "",
    "r": "",
    "s_state_province": "Orlando",
    "t": "Vietnam",
    "u": "Southeast Asia",
    "v": "",
    "w": "",
    "x": "",
    "y": "",
    "z": "",
    "aa": "",
    "ab_business_info": "",
    "ac_website": "",
    "ad": "",
    "ae": "",
    "af_country": "",
    "ag": ""
  },
  {
    "a_date_farmed": "16/07/2024",
    "b_source": "10Times",
    "c_scraped_url": "https://10times.com/aea-san-francisco",
    "d": "New Lead",
    "e": "Opportunity",
    "f": "Juan",
    "g": "Juan",
    "h": "Lara",
    "i": "Scraping",
    "j": "EDU Business",
    "k": "EDU Events",
    "l": "",
    "m_date_of_event": "Fri, 03 - Sun, 05 Jan 2025",
    "n_event_name": "American Economic Association Annual Meeting (AEA San Francisco)",
    "o_description": "",
    "p": "",
    "q": "",
    "r": "",
    "s_state_province": "",
    "t": "Vietnam",
    "u": "Southeast Asia",
    "v": "",
    "w": "",
    "x": "",
    "y": "",
    "z": "",
    "aa": "",
    "ab_business_info": "",
    "ac_website": "",
    "ad": "",
    "ae": "",
    "af_country": "",
    "ag": "",
    "company_url": ""
  },
  {
    "a_date_farmed": "16/07/2024",
    "b_source": "10Times",
    "c_scraped_url": "https://10times.com/conference-arts-humanities",
    "d": "New Lead",
    "e": "Opportunity",
    "f": "Juan",
    "g": "Juan",
    "h": "Lara",
    "i": "Scraping",
    "j": "EDU Business",
    "k": "EDU Events",
    "l": "",
    "m_date_of_event": "Fri, 03 - Tue, 07 Jan 2025",
    "n_event_name": "Hawaii International Conference on Arts and Humanities",
    "o_description": "",
    "p": "",
    "q": "",
    "r": "",
    "s_state_province": "",
    "t": "Vietnam",
    "u": "Southeast Asia",
    "v": "",
    "w": "",
    "x": "",
    "y": "",
    "z": "",
    "aa": "",
    "ab_business_info": "",
    "ac_website": "",
    "ad": "",
    "ae": "",
    "af_country": "",
    "ag": "",
    "company_url": ""
  },
  {
    "a_date_farmed": "16/07/2024",
    "b_source": "10Times",
    "c_scraped_url": "https://10times.com/ieee-rising-stars-conference",
    "d": "New Lead",
    "e": "Opportunity",
    "f": "Juan",
    "g": "Juan",
    "h": "Lara",
    "i": "Scraping",
    "j": "EDU Business",
    "k": "EDU Events",
    "l": "",
    "m_date_of_event": "Fri, 03 - Sun, 05 Jan 2025",
    "n_event_name": "IEEE Rising Stars Conference",
    "o_description": "",
    "p": "",
    "q": "",
    "r": "",
    "s_state_province": "Las Vegas",
    "t": "Vietnam",
    "u": "Southeast Asia",
    "v": "",
    "w": "",
    "x": "",
    "y": "",
    "z": "",
    "aa": "",
    "ab_business_info": "",
    "ac_website": "",
    "ad": "",
    "ae": "",
    "af_country": "",
    "ag": ""
  },
  {
    "a_date_farmed": "16/07/2024",
    "b_source": "10Times",
    "c_scraped_url": "",
    "d": "New Lead",
    "e": "Opportunity",
    "f": "Juan",
    "g": "Juan",
    "h": "Lara",
    "i": "Scraping",
    "j": "EDU Business",
    "k": "EDU Events",
    "l": "",
    "m_date_of_event": "",
    "n_event_name": "",
    "o_description": "",
    "p": "",
    "q": "",
    "r": "",
    "s_state_province": "",
    "t": "Vietnam",
    "u": "Southeast Asia",
    "v": "",
    "w": "",
    "x": "",
    "y": "",
    "z": "",
    "aa": "",
    "ab_business_info": "",
    "ac_website": "",
    "ad": "",
    "ae": "",
    "af_country": "",
    "ag": ""
  },
  {
    "a_date_farmed": "16/07/2024",
    "b_source": "10Times",
    "c_scraped_url": "https://10times.com/leading-high-performing-teams",
    "d": "New Lead",
    "e": "Opportunity",
    "f": "Juan",
    "g": "Juan",
    "h": "Lara",
    "i": "Scraping",
    "j": "EDU Business",
    "k": "EDU Events",
    "l": "",
    "m_date_of_event": "Mon, 20 - Fri, 24 Jan 2025",
    "n_event_name": "Leading High Performing Teams",
    "o_description": "",
    "p": "",
    "q": "",
    "r": "",
    "s_state_province": "",
    "t": "Vietnam",
    "u": "Southeast Asia",
    "v": "",
    "w": "",
    "x": "",
    "y": "",
    "z": "",
    "aa": "",
    "ab_business_info": "",
    "ac_website": "",
    "ad": "",
    "ae": "",
    "af_country": "",
    "ag": "",
    "company_url": ""
  },
  {
    "a_date_farmed": "16/07/2024",
    "b_source": "10Times",
    "c_scraped_url": "https://10times.com/e1dh-273f-9rkf-k",
    "d": "New Lead",
    "e": "Opportunity",
    "f": "Juan",
    "g": "Juan",
    "h": "Lara",
    "i": "Scraping",
    "j": "EDU Business",
    "k": "EDU Events",
    "l": "",
    "m_date_of_event": "Sat, 28 Dec 2024 - Wed, 01 Jan 2025",
    "n_event_name": "Vision Conference",
    "o_description": "Followers",
    "p": "",
    "q": "",
    "r": "",
    "s_state_province": "Dallas, USA",
    "t": "Vietnam",
    "u": "Southeast Asia",
    "v": "",
    "w": "",
    "x": "",
    "y": "",
    "z": "",
    "aa": "",
    "ab_business_info": "",
    "ac_website": "",
    "ad": "",
    "ae": "",
    "af_country": "",
    "ag": "",
    "company_url": ""
  },
  {
    "a_date_farmed": "16/07/2024",
    "b_source": "10Times",
    "c_scraped_url": "https://10times.com/statewide-autism-conference",
    "d": "New Lead",
    "e": "Opportunity",
    "f": "Juan",
    "g": "Juan",
    "h": "Lara",
    "i": "Scraping",
    "j": "EDU Business",
    "k": "EDU Events",
    "l": "",
    "m_date_of_event": "Thu, 16 - Sun, 19 Jan 2025",
    "n_event_name": "Annual Statewide Center for Autism & Related Disabilities Conference",
    "o_description": "",
    "p": "",
    "q": "",
    "r": "",
    "s_state_province": "",
    "t": "Vietnam",
    "u": "Southeast Asia",
    "v": "",
    "w": "",
    "x": "",
    "y": "",
    "z": "",
    "aa": "",
    "ab_business_info": "",
    "ac_website": "",
    "ad": "",
    "ae": "",
    "af_country": "",
    "ag": "",
    "company_url": ""
  },
  {
    "a_date_farmed": "16/07/2024",
    "b_source": "10Times",
    "c_scraped_url": "https://10times.com/national-mentoring-summit",
    "d": "New Lead",
    "e": "Opportunity",
    "f": "Juan",
    "g": "Juan",
    "h": "Lara",
    "i": "Scraping",
    "j": "EDU Business",
    "k": "EDU Events",
    "l": "",
    "m_date_of_event": "Wed, 29 - Fri, 31 Jan 2025",
    "n_event_name": "National Mentoring Summit",
    "o_description": "",
    "p": "",
    "q": "",
    "r": "",
    "s_state_province": "",
    "t": "Vietnam",
    "u": "Southeast Asia",
    "v": "",
    "w": "",
    "x": "",
    "y": "",
    "z": "",
    "aa": "",
    "ab_business_info": "",
    "ac_website": "",
    "ad": "",
    "ae": "",
    "af_country": "",
    "ag": "",
    "company_url": ""
  },
  {
    "a_date_farmed": "16/07/2024",
    "b_source": "10Times",
    "c_scraped_url": "https://10times.com/national-leadership-forum",
    "d": "New Lead",
    "e": "Opportunity",
    "f": "Juan",
    "g": "Juan",
    "h": "Lara",
    "i": "Scraping",
    "j": "EDU Business",
    "k": "EDU Events",
    "l": "",
    "m_date_of_event": "Mon, 03 - Thu, 06 Feb 2025",
    "n_event_name": "National Leadership Forum",
    "o_description": "",
    "p": "",
    "q": "",
    "r": "",
    "s_state_province": "",
    "t": "Vietnam",
    "u": "Southeast Asia",
    "v": "",
    "w": "",
    "x": "",
    "y": "",
    "z": "",
    "aa": "",
    "ab_business_info": "",
    "ac_website": "",
    "ad": "",
    "ae": "",
    "af_country": "",
    "ag": "",
    "company_url": ""
  },
  {
    "a_date_farmed": "16/07/2024",
    "b_source": "10Times",
    "c_scraped_url": "https://10times.com/ncaa-convention",
    "d": "New Lead",
    "e": "Opportunity",
    "f": "Juan",
    "g": "Juan",
    "h": "Lara",
    "i": "Scraping",
    "j": "EDU Business",
    "k": "EDU Events",
    "l": "",
    "m_date_of_event": "Tue, 14 - Fri, 17 Jan 2025",
    "n_event_name": "NCAA Convention",
    "o_description": "",
    "p": "",
    "q": "",
    "r": "",
    "s_state_province": "",
    "t": "Vietnam",
    "u": "Southeast Asia",
    "v": "",
    "w": "",
    "x": "",
    "y": "",
    "z": "",
    "aa": "",
    "ab_business_info": "",
    "ac_website": "",
    "ad": "",
    "ae": "",
    "af_country": "",
    "ag": "",
    "company_url": ""
  },
  {
    "a_date_farmed": "16/07/2024",
    "b_source": "10Times",
    "c_scraped_url": "https://10times.com/numismatic-convention",
    "d": "New Lead",
    "e": "Opportunity",
    "f": "Juan",
    "g": "Juan",
    "h": "Lara",
    "i": "Scraping",
    "j": "EDU Business",
    "k": "EDU Events",
    "l": "",
    "m_date_of_event": "Fri, 17 - Sun, 19 Jan 2025",
    "n_event_name": "New York International Numismatic Convention (NY International Numismatic Convention)",
    "o_description": "",
    "p": "",
    "q": "",
    "r": "",
    "s_state_province": "",
    "t": "Vietnam",
    "u": "Southeast Asia",
    "v": "",
    "w": "",
    "x": "",
    "y": "",
    "z": "",
    "aa": "",
    "ab_business_info": "",
    "ac_website": "",
    "ad": "",
    "ae": "",
    "af_country": "",
    "ag": "",
    "company_url": ""
  },
  {
    "a_date_farmed": "16/07/2024",
    "b_source": "10Times",
    "c_scraped_url": "https://10times.com/cpc-orlando",
    "d": "New Lead",
    "e": "Opportunity",
    "f": "Juan",
    "g": "Juan",
    "h": "Lara",
    "i": "Scraping",
    "j": "EDU Business",
    "k": "EDU Events",
    "l": "",
    "m_date_of_event": "Tue, 07 - Thu, 09 Jan 2025",
    "n_event_name": "Childrens Pastors Conference",
    "o_description": "",
    "p": "",
    "q": "",
    "r": "",
    "s_state_province": "",
    "t": "Vietnam",
    "u": "Southeast Asia",
    "v": "",
    "w": "",
    "x": "",
    "y": "",
    "z": "",
    "aa": "",
    "ab_business_info": "",
    "ac_website": "",
    "ad": "",
    "ae": "",
    "af_country": "",
    "ag": "",
    "company_url": ""
  },
  {
    "a_date_farmed": "16/07/2024",
    "b_source": "10Times",
    "c_scraped_url": "",
    "d": "New Lead",
    "e": "Opportunity",
    "f": "Juan",
    "g": "Juan",
    "h": "Lara",
    "i": "Scraping",
    "j": "EDU Business",
    "k": "EDU Events",
    "l": "",
    "m_date_of_event": "",
    "n_event_name": "",
    "o_description": "",
    "p": "",
    "q": "",
    "r": "",
    "s_state_province": "",
    "t": "Vietnam",
    "u": "Southeast Asia",
    "v": "",
    "w": "",
    "x": "",
    "y": "",
    "z": "",
    "aa": "",
    "ab_business_info": "",
    "ac_website": "",
    "ad": "",
    "ae": "",
    "af_country": "",
    "ag": ""
  },
  {
    "a_date_farmed": "16/07/2024",
    "b_source": "10Times",
    "c_scraped_url": "https://10times.com/george-fox",
    "d": "New Lead",
    "e": "Opportunity",
    "f": "Juan",
    "g": "Juan",
    "h": "Lara",
    "i": "Scraping",
    "j": "EDU Business",
    "k": "EDU Events",
    "l": "",
    "m_date_of_event": "Tue, 07 Jan 2025",
    "n_event_name": "George A. Fox Conference",
    "o_description": "",
    "p": "",
    "q": "",
    "r": "",
    "s_state_province": "",
    "t": "Vietnam",
    "u": "Southeast Asia",
    "v": "",
    "w": "",
    "x": "",
    "y": "",
    "z": "",
    "aa": "",
    "ab_business_info": "",
    "ac_website": "",
    "ad": "",
    "ae": "",
    "af_country": "",
    "ag": "",
    "company_url": ""
  },
  {
    "a_date_farmed": "16/07/2024",
    "b_source": "10Times",
    "c_scraped_url": "",
    "d": "New Lead",
    "e": "Opportunity",
    "f": "Juan",
    "g": "Juan",
    "h": "Lara",
    "i": "Scraping",
    "j": "EDU Business",
    "k": "EDU Events",
    "l": "",
    "m_date_of_event": "",
    "n_event_name": "",
    "o_description": "",
    "p": "",
    "q": "",
    "r": "",
    "s_state_province": "",
    "t": "Vietnam",
    "u": "Southeast Asia",
    "v": "",
    "w": "",
    "x": "",
    "y": "",
    "z": "",
    "aa": "",
    "ab_business_info": "",
    "ac_website": "",
    "ad": "",
    "ae": "",
    "af_country": "",
    "ag": ""
  },
  {
    "a_date_farmed": "16/07/2024",
    "b_source": "10Times",
    "c_scraped_url": "https://10times.com/e1d1-41d7-rpgx-h",
    "d": "New Lead",
    "e": "Opportunity",
    "f": "Juan",
    "g": "Juan",
    "h": "Lara",
    "i": "Scraping",
    "j": "EDU Business",
    "k": "EDU Events",
    "l": "",
    "m_date_of_event": "Mon, 07 - Sat, 12 Apr 2025",
    "n_event_name": "The Human Resources & Corporate Leaders Conference (AHRLC)",
    "o_description": "",
    "p": "",
    "q": "",
    "r": "",
    "s_state_province": "",
    "t": "Vietnam",
    "u": "Southeast Asia",
    "v": "",
    "w": "",
    "x": "",
    "y": "",
    "z": "",
    "aa": "",
    "ab_business_info": "",
    "ac_website": "",
    "ad": "",
    "ae": "",
    "af_country": "",
    "ag": "",
    "company_url": ""
  },
  {
    "a_date_farmed": "16/07/2024",
    "b_source": "10Times",
    "c_scraped_url": "",
    "d": "New Lead",
    "e": "Opportunity",
    "f": "Juan",
    "g": "Juan",
    "h": "Lara",
    "i": "Scraping",
    "j": "EDU Business",
    "k": "EDU Events",
    "l": "",
    "m_date_of_event": "",
    "n_event_name": "",
    "o_description": "",
    "p": "",
    "q": "",
    "r": "",
    "s_state_province": "",
    "t": "Vietnam",
    "u": "Southeast Asia",
    "v": "",
    "w": "",
    "x": "",
    "y": "",
    "z": "",
    "aa": "",
    "ab_business_info": "",
    "ac_website": "",
    "ad": "",
    "ae": "",
    "af_country": "",
    "ag": ""
  },
  {
    "a_date_farmed": "16/07/2024",
    "b_source": "10Times",
    "c_scraped_url": "https://10times.com/essential-tools-and-techniques-for-data-analysis-n",
    "d": "New Lead",
    "e": "Opportunity",
    "f": "Juan",
    "g": "Juan",
    "h": "Lara",
    "i": "Scraping",
    "j": "EDU Business",
    "k": "EDU Events",
    "l": "",
    "m_date_of_event": "Mon, 27 - Tue, 28 Jan 2025",
    "n_event_name": "Fundamentals of Data Analysis",
    "o_description": "",
    "p": "",
    "q": "",
    "r": "",
    "s_state_province": "",
    "t": "Vietnam",
    "u": "Southeast Asia",
    "v": "",
    "w": "",
    "x": "",
    "y": "",
    "z": "",
    "aa": "",
    "ab_business_info": "",
    "ac_website": "",
    "ad": "",
    "ae": "",
    "af_country": "",
    "ag": "",
    "company_url": ""
  },
  {
    "a_date_farmed": "16/07/2024",
    "b_source": "10Times",
    "c_scraped_url": "https://10times.com/arts-humanities-and-social-sciences",
    "d": "New Lead",
    "e": "Opportunity",
    "f": "Juan",
    "g": "Juan",
    "h": "Lara",
    "i": "Scraping",
    "j": "EDU Business",
    "k": "EDU Events",
    "l": "",
    "m_date_of_event": "Mon, 06 - Wed, 08 Jan 2025",
    "n_event_name": "Annual Arts, Humanities, Social Sciences & Education Conference",
    "o_description": "",
    "p": "",
    "q": "",
    "r": "",
    "s_state_province": "Honolulu",
    "t": "Vietnam",
    "u": "Southeast Asia",
    "v": "",
    "w": "",
    "x": "",
    "y": "",
    "z": "",
    "aa": "",
    "ab_business_info": "",
    "ac_website": "",
    "ad": "",
    "ae": "",
    "af_country": "",
    "ag": ""
  },
  {
    "a_date_farmed": "16/07/2024",
    "b_source": "10Times",
    "c_scraped_url": "https://10times.com/adult-nurse-practitioner-certification-exam-review",
    "d": "New Lead",
    "e": "Opportunity",
    "f": "Juan",
    "g": "Juan",
    "h": "Lara",
    "i": "Scraping",
    "j": "EDU Business",
    "k": "EDU Events",
    "l": "",
    "m_date_of_event": "Sat, 04 - Mon, 06 Jan 2025",
    "n_event_name": "Adult- Gerontology Nurse Practitioner Certification Exam Review and Advanced Practice Update",
    "o_description": "",
    "p": "",
    "q": "",
    "r": "",
    "s_state_province": "",
    "t": "Vietnam",
    "u": "Southeast Asia",
    "v": "",
    "w": "",
    "x": "",
    "y": "",
    "z": "",
    "aa": "",
    "ab_business_info": "",
    "ac_website": "",
    "ad": "",
    "ae": "",
    "af_country": "",
    "ag": "",
    "company_url": ""
  },
  {
    "a_date_farmed": "16/07/2024",
    "b_source": "10Times",
    "c_scraped_url": "https://10times.com/e1r4-g9h1-f8pp",
    "d": "New Lead",
    "e": "Opportunity",
    "f": "Juan",
    "g": "Juan",
    "h": "Lara",
    "i": "Scraping",
    "j": "EDU Business",
    "k": "EDU Events",
    "l": "",
    "m_date_of_event": "Fri, 03 - Tue, 07 Jan 2025",
    "n_event_name": "SICB Annual Meeting And Symposium",
    "o_description": "Followers",
    "p": "",
    "q": "",
    "r": "",
    "s_state_province": "Atlanta, USA",
    "t": "Vietnam",
    "u": "Southeast Asia",
    "v": "",
    "w": "",
    "x": "",
    "y": "",
    "z": "",
    "aa": "",
    "ab_business_info": "The Society for Integrative and Comparative Biology",
    "ac_website": "",
    "ad": "",
    "ae": "",
    "af_country": "",
    "ag": "",
    "company_url": "https://10times.com/company/society-for-integrative-and-comparative-biology"
  },
  {
    "a_date_farmed": "16/07/2024",
    "b_source": "10Times",
    "c_scraped_url": "https://10times.com/iape",
    "d": "New Lead",
    "e": "Opportunity",
    "f": "Juan",
    "g": "Juan",
    "h": "Lara",
    "i": "Scraping",
    "j": "EDU Business",
    "k": "EDU Events",
    "l": "",
    "m_date_of_event": "Tue, 04 - Fri, 07 Feb 2025",
    "n_event_name": "APA Expo (International Personalization Expo)",
    "o_description": "",
    "p": "",
    "q": "",
    "r": "",
    "s_state_province": "",
    "t": "Vietnam",
    "u": "Southeast Asia",
    "v": "",
    "w": "",
    "x": "",
    "y": "",
    "z": "",
    "aa": "",
    "ab_business_info": "",
    "ac_website": "",
    "ad": "",
    "ae": "",
    "af_country": "",
    "ag": "",
    "company_url": ""
  },
  {
    "a_date_farmed": "16/07/2024",
    "b_source": "10Times",
    "c_scraped_url": "https://10times.com/governance-institute-leadership-conference",
    "d": "New Lead",
    "e": "Opportunity",
    "f": "Juan",
    "g": "Juan",
    "h": "Lara",
    "i": "Scraping",
    "j": "EDU Business",
    "k": "EDU Events",
    "l": "",
    "m_date_of_event": "Sun, 12 - Wed, 15 Jan 2025",
    "n_event_name": "Governance Institute Leadership Conference",
    "o_description": "",
    "p": "",
    "q": "",
    "r": "",
    "s_state_province": "",
    "t": "Vietnam",
    "u": "Southeast Asia",
    "v": "",
    "w": "",
    "x": "",
    "y": "",
    "z": "",
    "aa": "",
    "ab_business_info": "",
    "ac_website": "",
    "ad": "",
    "ae": "",
    "af_country": "",
    "ag": "",
    "company_url": ""
  },
  {
    "a_date_farmed": "16/07/2024",
    "b_source": "10Times",
    "c_scraped_url": "https://10times.com/gcswc",
    "d": "New Lead",
    "e": "Opportunity",
    "f": "Juan",
    "g": "Juan",
    "h": "Lara",
    "i": "Scraping",
    "j": "EDU Business",
    "k": "EDU Events",
    "l": "",
    "m_date_of_event": "Thu, 30 - Fri, 31 Jan 2025",
    "n_event_name": "Gulf Coast Social Work Conference (GCSWC)",
    "o_description": "13 CEUs event held in-person and live streamed",
    "p": "",
    "q": "",
    "r": "",
    "s_state_province": "IP Casino Resort Spa, \t\t\t\t\t\t\t\t\t\t\tBiloxi, USAGet Directions",
    "t": "Vietnam",
    "u": "Southeast Asia",
    "v": "",
    "w": "",
    "x": "",
    "y": "",
    "z": "",
    "aa": "",
    "ab_business_info": "",
    "ac_website": "",
    "ad": "",
    "ae": "",
    "af_country": "",
    "ag": "",
    "company_url": ""
  },
  {
    "a_date_farmed": "16/07/2024",
    "b_source": "10Times",
    "c_scraped_url": "https://10times.com/e1kd-pf43-f0s5",
    "d": "New Lead",
    "e": "Opportunity",
    "f": "Juan",
    "g": "Juan",
    "h": "Lara",
    "i": "Scraping",
    "j": "EDU Business",
    "k": "EDU Events",
    "l": "",
    "m_date_of_event": "Sat, 22 Feb 2025",
    "n_event_name": "Family Caregiver Conference",
    "o_description": "",
    "p": "",
    "q": "",
    "r": "",
    "s_state_province": "",
    "t": "Vietnam",
    "u": "Southeast Asia",
    "v": "",
    "w": "",
    "x": "",
    "y": "",
    "z": "",
    "aa": "",
    "ab_business_info": "",
    "ac_website": "",
    "ad": "",
    "ae": "",
    "af_country": "",
    "ag": "",
    "company_url": ""
  },
  {
    "a_date_farmed": "16/07/2024",
    "b_source": "10Times",
    "c_scraped_url": "https://10times.com/aas",
    "d": "New Lead",
    "e": "Opportunity",
    "f": "Juan",
    "g": "Juan",
    "h": "Lara",
    "i": "Scraping",
    "j": "EDU Business",
    "k": "EDU Events",
    "l": "",
    "m_date_of_event": "Sun, 12 - Thu, 16 Jan 2025",
    "n_event_name": "AAS Meeting",
    "o_description": "",
    "p": "",
    "q": "",
    "r": "",
    "s_state_province": "",
    "t": "Vietnam",
    "u": "Southeast Asia",
    "v": "",
    "w": "",
    "x": "",
    "y": "",
    "z": "",
    "aa": "",
    "ab_business_info": "",
    "ac_website": "",
    "ad": "",
    "ae": "",
    "af_country": "",
    "ag": "",
    "company_url": ""
  },
  {
    "a_date_farmed": "16/07/2024",
    "b_source": "10Times",
    "c_scraped_url": "https://10times.com/e1dd-342d-6rss-d",
    "d": "New Lead",
    "e": "Opportunity",
    "f": "Juan",
    "g": "Juan",
    "h": "Lara",
    "i": "Scraping",
    "j": "EDU Business",
    "k": "EDU Events",
    "l": "",
    "m_date_of_event": "Fri, 03 - Mon, 06 Jan 2025",
    "n_event_name": "Annual National Institute on the Teaching of Psychology",
    "o_description": "",
    "p": "",
    "q": "",
    "r": "",
    "s_state_province": "Clearwater",
    "t": "Vietnam",
    "u": "Southeast Asia",
    "v": "",
    "w": "",
    "x": "",
    "y": "",
    "z": "",
    "aa": "",
    "ab_business_info": "",
    "ac_website": "",
    "ad": "",
    "ae": "",
    "af_country": "",
    "ag": ""
  },
  {
    "a_date_farmed": "16/07/2024",
    "b_source": "10Times",
    "c_scraped_url": "",
    "d": "New Lead",
    "e": "Opportunity",
    "f": "Juan",
    "g": "Juan",
    "h": "Lara",
    "i": "Scraping",
    "j": "EDU Business",
    "k": "EDU Events",
    "l": "",
    "m_date_of_event": "",
    "n_event_name": "",
    "o_description": "",
    "p": "",
    "q": "",
    "r": "",
    "s_state_province": "",
    "t": "Vietnam",
    "u": "Southeast Asia",
    "v": "",
    "w": "",
    "x": "",
    "y": "",
    "z": "",
    "aa": "",
    "ab_business_info": "",
    "ac_website": "",
    "ad": "",
    "ae": "",
    "af_country": "",
    "ag": ""
  },
  {
    "a_date_farmed": "16/07/2024",
    "b_source": "10Times",
    "c_scraped_url": "https://10times.com/slas-conference-exhibition",
    "d": "New Lead",
    "e": "Opportunity",
    "f": "Juan",
    "g": "Juan",
    "h": "Lara",
    "i": "Scraping",
    "j": "EDU Business",
    "k": "EDU Events",
    "l": "",
    "m_date_of_event": "Sat, 25 - Wed, 29 Jan 2025",
    "n_event_name": "Annual SLAS Conference and Exhibition",
    "o_description": "",
    "p": "",
    "q": "",
    "r": "",
    "s_state_province": "San Diego",
    "t": "Vietnam",
    "u": "Southeast Asia",
    "v": "",
    "w": "",
    "x": "",
    "y": "",
    "z": "",
    "aa": "",
    "ab_business_info": "",
    "ac_website": "",
    "ad": "",
    "ae": "",
    "af_country": "",
    "ag": ""
  },
  {
    "a_date_farmed": "16/07/2024",
    "b_source": "10Times",
    "c_scraped_url": "https://10times.com/multidisciplinary-academic-conference",
    "d": "New Lead",
    "e": "Opportunity",
    "f": "Juan",
    "g": "Juan",
    "h": "Lara",
    "i": "Scraping",
    "j": "EDU Business",
    "k": "EDU Events",
    "l": "",
    "m_date_of_event": "Sat, 04 - Sun, 05 Jan 2025",
    "n_event_name": "Key West International Multidisciplinary Academic Conference",
    "o_description": "",
    "p": "",
    "q": "",
    "r": "",
    "s_state_province": "",
    "t": "Vietnam",
    "u": "Southeast Asia",
    "v": "",
    "w": "",
    "x": "",
    "y": "",
    "z": "",
    "aa": "",
    "ab_business_info": "",
    "ac_website": "",
    "ad": "",
    "ae": "",
    "af_country": "",
    "ag": "",
    "company_url": ""
  },
  {
    "a_date_farmed": "16/07/2024",
    "b_source": "10Times",
    "c_scraped_url": "https://10times.com/cru-conference-i",
    "d": "New Lead",
    "e": "Opportunity",
    "f": "Juan",
    "g": "Juan",
    "h": "Lara",
    "i": "Scraping",
    "j": "EDU Business",
    "k": "EDU Events",
    "l": "",
    "m_date_of_event": "Sat, 28 Dec 2024 - Wed, 01 Jan 2025",
    "n_event_name": "Cru Conference (CC)",
    "o_description": "",
    "p": "",
    "q": "",
    "r": "",
    "s_state_province": "Indianapolis",
    "t": "Vietnam",
    "u": "Southeast Asia",
    "v": "",
    "w": "",
    "x": "",
    "y": "",
    "z": "",
    "aa": "",
    "ab_business_info": "",
    "ac_website": "",
    "ad": "",
    "ae": "",
    "af_country": "",
    "ag": ""
  },
  {
    "a_date_farmed": "16/07/2024",
    "b_source": "10Times",
    "c_scraped_url": "https://10times.com/tcea",
    "d": "New Lead",
    "e": "Opportunity",
    "f": "Juan",
    "g": "Juan",
    "h": "Lara",
    "i": "Scraping",
    "j": "EDU Business",
    "k": "EDU Events",
    "l": "",
    "m_date_of_event": "Sat, 01 - Wed, 05 Feb 2025",
    "n_event_name": "TCEA Convention & Exposition",
    "o_description": "",
    "p": "",
    "q": "",
    "r": "",
    "s_state_province": "",
    "t": "Vietnam",
    "u": "Southeast Asia",
    "v": "",
    "w": "",
    "x": "",
    "y": "",
    "z": "",
    "aa": "",
    "ab_business_info": "",
    "ac_website": "",
    "ad": "",
    "ae": "",
    "af_country": "",
    "ag": "",
    "company_url": ""
  },
  {
    "a_date_farmed": "16/07/2024",
    "b_source": "10Times",
    "c_scraped_url": "https://10times.com/desiring-god",
    "d": "New Lead",
    "e": "Opportunity",
    "f": "Juan",
    "g": "Juan",
    "h": "Lara",
    "i": "Scraping",
    "j": "EDU Business",
    "k": "EDU Events",
    "l": "",
    "m_date_of_event": "Mon, 03 - Wed, 05 Feb 2025",
    "n_event_name": "Bethlehem Conference for Pastors",
    "o_description": "",
    "p": "",
    "q": "",
    "r": "",
    "s_state_province": "",
    "t": "Vietnam",
    "u": "Southeast Asia",
    "v": "",
    "w": "",
    "x": "",
    "y": "",
    "z": "",
    "aa": "",
    "ab_business_info": "",
    "ac_website": "",
    "ad": "",
    "ae": "",
    "af_country": "",
    "ag": "",
    "company_url": ""
  },
  {
    "a_date_farmed": "16/07/2024",
    "b_source": "10Times",
    "c_scraped_url": "https://10times.com/critical-thinking-atlanta",
    "d": "New Lead",
    "e": "Opportunity",
    "f": "Juan",
    "g": "Juan",
    "h": "Lara",
    "i": "Scraping",
    "j": "EDU Business",
    "k": "EDU Events",
    "l": "",
    "m_date_of_event": "Thu, 23 - Fri, 24 Jan 2025",
    "n_event_name": "Critical Thinking",
    "o_description": "",
    "p": "",
    "q": "",
    "r": "",
    "s_state_province": "Atlanta",
    "t": "Vietnam",
    "u": "Southeast Asia",
    "v": "",
    "w": "",
    "x": "",
    "y": "",
    "z": "",
    "aa": "",
    "ab_business_info": "",
    "ac_website": "",
    "ad": "",
    "ae": "",
    "af_country": "",
    "ag": ""
  },
  {
    "a_date_farmed": "16/07/2024",
    "b_source": "10Times",
    "c_scraped_url": "https://10times.com/college-expo-oakland",
    "d": "New Lead",
    "e": "Opportunity",
    "f": "Juan",
    "g": "Juan",
    "h": "Lara",
    "i": "Scraping",
    "j": "EDU Business",
    "k": "EDU Events",
    "l": "",
    "m_date_of_event": "Sat, 08 Feb 2025",
    "n_event_name": "Black College Expo - Oakland (BlackCollegeExpo Oakland)",
    "o_description": "",
    "p": "",
    "q": "",
    "r": "",
    "s_state_province": "",
    "t": "Vietnam",
    "u": "Southeast Asia",
    "v": "",
    "w": "",
    "x": "",
    "y": "",
    "z": "",
    "aa": "",
    "ab_business_info": "",
    "ac_website": "",
    "ad": "",
    "ae": "",
    "af_country": "",
    "ag": "",
    "company_url": ""
  },
  {
    "a_date_farmed": "16/07/2024",
    "b_source": "10Times",
    "c_scraped_url": "",
    "d": "New Lead",
    "e": "Opportunity",
    "f": "Juan",
    "g": "Juan",
    "h": "Lara",
    "i": "Scraping",
    "j": "EDU Business",
    "k": "EDU Events",
    "l": "",
    "m_date_of_event": "",
    "n_event_name": "",
    "o_description": "",
    "p": "",
    "q": "",
    "r": "",
    "s_state_province": "",
    "t": "Vietnam",
    "u": "Southeast Asia",
    "v": "",
    "w": "",
    "x": "",
    "y": "",
    "z": "",
    "aa": "",
    "ab_business_info": "",
    "ac_website": "",
    "ad": "",
    "ae": "",
    "af_country": "",
    "ag": ""
  },
  {
    "a_date_farmed": "16/07/2024",
    "b_source": "10Times",
    "c_scraped_url": "",
    "d": "New Lead",
    "e": "Opportunity",
    "f": "Juan",
    "g": "Juan",
    "h": "Lara",
    "i": "Scraping",
    "j": "EDU Business",
    "k": "EDU Events",
    "l": "",
    "m_date_of_event": "",
    "n_event_name": "",
    "o_description": "",
    "p": "",
    "q": "",
    "r": "",
    "s_state_province": "",
    "t": "Vietnam",
    "u": "Southeast Asia",
    "v": "",
    "w": "",
    "x": "",
    "y": "",
    "z": "",
    "aa": "",
    "ab_business_info": "",
    "ac_website": "",
    "ad": "",
    "ae": "",
    "af_country": "",
    "ag": ""
  }
]