[
  {
    "a_date_farmed": "21/12/2024",
    "b_source": "10Times",
    "c_scraped_url": "https://10times.com/e13d-pkz0-dsg1-8",
    "d": "New Lead",
    "e": "Opportunity",
    "f": "Juan",
    "g": "Juan",
    "h": "Lara",
    "i": "Scraping",
    "j": "EDU Business",
    "k": "EDU Events",
    "l": "",
    "m_date_of_event": "Mon, 09 - Fri, 20 Dec 2024",
    "n_event_name": "Developing Excellence in People Leadership",
    "o_description": "Followers",
    "p": "",
    "q": "",
    "r": "",
    "s_state_province": "Athens, Greece",
    "t": "greece",
    "u": "[region]",
    "v": "",
    "w": "",
    "x": "",
    "y": "",
    "z": "",
    "aa": "",
    "ab_business_info": "Oxford Management Centre",
    "ac_website": "",
    "ad": "",
    "ae": "",
    "af_country": "USA",
    "ag": "",
    "company_url": "https://10times.com/company/oxford-management-centre-united-states-of-america"
  },
  {
    "a_date_farmed": "21/12/2024",
    "b_source": "10Times",
    "c_scraped_url": "https://10times.com/e1dp-kz46-hp38-r",
    "d": "New Lead",
    "e": "Opportunity",
    "f": "Juan",
    "g": "Juan",
    "h": "Lara",
    "i": "Scraping",
    "j": "EDU Business",
    "k": "EDU Events",
    "l": "",
    "m_date_of_event": "Mon, 16 - Fri, 20 Dec 2024",
    "n_event_name": "Managing & Motivating Towards Excellence",
    "o_description": "Followers",
    "p": "",
    "q": "",
    "r": "",
    "s_state_province": "Athens, Greece",
    "t": "greece",
    "u": "[region]",
    "v": "",
    "w": "",
    "x": "",
    "y": "",
    "z": "",
    "aa": "",
    "ab_business_info": "Oxford Management Centre",
    "ac_website": "",
    "ad": "",
    "ae": "",
    "af_country": "USA",
    "ag": "",
    "company_url": "https://10times.com/company/oxford-management-centre-united-states-of-america"
  },
  {
    "a_date_farmed": "21/12/2024",
    "b_source": "10Times",
    "c_scraped_url": "",
    "d": "New Lead",
    "e": "Opportunity",
    "f": "Juan",
    "g": "Juan",
    "h": "Lara",
    "i": "Scraping",
    "j": "EDU Business",
    "k": "EDU Events",
    "l": "",
    "m_date_of_event": "",
    "n_event_name": "",
    "o_description": "",
    "p": "",
    "q": "",
    "r": "",
    "s_state_province": "",
    "t": "greece",
    "u": "[region]",
    "v": "",
    "w": "",
    "x": "",
    "y": "",
    "z": "",
    "aa": "",
    "ab_business_info": "",
    "ac_website": "",
    "ad": "",
    "ae": "",
    "af_country": "",
    "ag": ""
  },
  {
    "a_date_farmed": "21/12/2024",
    "b_source": "10Times",
    "c_scraped_url": "https://10times.com/business-society-economy",
    "d": "New Lead",
    "e": "Opportunity",
    "f": "Juan",
    "g": "Juan",
    "h": "Lara",
    "i": "Scraping",
    "j": "EDU Business",
    "k": "EDU Events",
    "l": "",
    "m_date_of_event": "Wed, 18 - Sat, 21 Dec 2024",
    "n_event_name": "Annual International Conference on Global Studies: Business, Economic, Political, Social and Cultural Aspects...",
    "o_description": "Followers",
    "p": "",
    "q": "",
    "r": "",
    "s_state_province": "Athens Institute For Education and Research (ATINER), Athens, GreeceGet Directions",
    "t": "greece",
    "u": "[region]",
    "v": "",
    "w": "",
    "x": "",
    "y": "",
    "z": "",
    "aa": "",
    "ab_business_info": "Athens Institute for Education & Research",
    "ac_website": "",
    "ad": "",
    "ae": "",
    "af_country": "Greece",
    "ag": "",
    "company_url": "https://10times.com/company/aier"
  },
  {
    "a_date_farmed": "21/12/2024",
    "b_source": "10Times",
    "c_scraped_url": "",
    "d": "New Lead",
    "e": "Opportunity",
    "f": "Juan",
    "g": "Juan",
    "h": "Lara",
    "i": "Scraping",
    "j": "EDU Business",
    "k": "EDU Events",
    "l": "",
    "m_date_of_event": "",
    "n_event_name": "",
    "o_description": "",
    "p": "",
    "q": "",
    "r": "",
    "s_state_province": "",
    "t": "greece",
    "u": "[region]",
    "v": "",
    "w": "",
    "x": "",
    "y": "",
    "z": "",
    "aa": "",
    "ab_business_info": "",
    "ac_website": "",
    "ad": "",
    "ae": "",
    "af_country": "",
    "ag": ""
  },
  {
    "a_date_farmed": "21/12/2024",
    "b_source": "10Times",
    "c_scraped_url": "https://10times.com/e1dz-1hg5-zp5s-0",
    "d": "New Lead",
    "e": "Opportunity",
    "f": "Juan",
    "g": "Juan",
    "h": "Lara",
    "i": "Scraping",
    "j": "EDU Business",
    "k": "EDU Events",
    "l": "",
    "m_date_of_event": "Tue, 24 Dec 2024",
    "n_event_name": "International conference on social sciences",
    "o_description": "Followers",
    "p": "",
    "q": "",
    "r": "",
    "s_state_province": "Auditorium Conference Centre, University of Piraeus TT, \t\t\t\t\t\t\t\t\t\t\tEgaleo, GreeceGet Directions",
    "t": "greece",
    "u": "[region]",
    "v": "",
    "w": "",
    "x": "",
    "y": "",
    "z": "",
    "aa": "",
    "ab_business_info": "",
    "ac_website": "",
    "ad": "",
    "ae": "",
    "af_country": "",
    "ag": "",
    "company_url": ""
  },
  {
    "a_date_farmed": "21/12/2024",
    "b_source": "10Times",
    "c_scraped_url": "https://10times.com/icbmhss-athens",
    "d": "New Lead",
    "e": "Opportunity",
    "f": "Juan",
    "g": "Juan",
    "h": "Lara",
    "i": "Scraping",
    "j": "EDU Business",
    "k": "EDU Events",
    "l": "",
    "m_date_of_event": "Wed, 25 Dec 2024",
    "n_event_name": "International Conference on Business Management, Humanities and Social Science (ICBMHSS)",
    "o_description": "The International Conference on Business Management, Humanities and Social Science (ICBMHSS) aims to connect researchers, scientists, and students to share experiences and research results in these fields. It serves as a platform for discussions on practical challenges and solutions, with the conference held annually.",
    "p": "",
    "q": "",
    "r": "",
    "s_state_province": "Royal Olympic Hotel, Athens, GreeceGet Directions",
    "t": "greece",
    "u": "[region]",
    "v": "",
    "w": "",
    "x": "",
    "y": "",
    "z": "",
    "aa": "",
    "ab_business_info": "South Asian Research Center",
    "ac_website": "",
    "ad": "",
    "ae": "",
    "af_country": "",
    "ag": "",
    "company_url": "https://10times.com/company/south-asian-research-center"
  },
  {
    "a_date_farmed": "21/12/2024",
    "b_source": "10Times",
    "c_scraped_url": "https://10times.com/e1dz-h0f5-x2f5-g",
    "d": "New Lead",
    "e": "Opportunity",
    "f": "Juan",
    "g": "Juan",
    "h": "Lara",
    "i": "Scraping",
    "j": "EDU Business",
    "k": "EDU Events",
    "l": "",
    "m_date_of_event": "Wed, 01 - Sun, 05 Jan 2025",
    "n_event_name": "The Faith of Nicaea Conference",
    "o_description": "",
    "p": "",
    "q": "",
    "r": "",
    "s_state_province": "",
    "t": "greece",
    "u": "[region]",
    "v": "",
    "w": "",
    "x": "",
    "y": "",
    "z": "",
    "aa": "",
    "ab_business_info": "",
    "ac_website": "",
    "ad": "",
    "ae": "",
    "af_country": "",
    "ag": "",
    "company_url": ""
  },
  {
    "a_date_farmed": "21/12/2024",
    "b_source": "10Times",
    "c_scraped_url": "https://10times.com/annual-international-conference-on-humanities-arts-in-global-world",
    "d": "New Lead",
    "e": "Opportunity",
    "f": "Juan",
    "g": "Juan",
    "h": "Lara",
    "i": "Scraping",
    "j": "EDU Business",
    "k": "EDU Events",
    "l": "",
    "m_date_of_event": "Fri, 03 - Mon, 06 Jan 2025",
    "n_event_name": "International Conference on Humanities & Arts in a Global World",
    "o_description": "Followers",
    "p": "",
    "q": "",
    "r": "",
    "s_state_province": "Athens Institute For Education and Research (ATINER), Athens, GreeceGet Directions",
    "t": "greece",
    "u": "[region]",
    "v": "",
    "w": "",
    "x": "",
    "y": "",
    "z": "",
    "aa": "",
    "ab_business_info": "Athens Institute for Education & Research",
    "ac_website": "",
    "ad": "",
    "ae": "",
    "af_country": "Greece",
    "ag": "",
    "company_url": "https://10times.com/company/aier"
  },
  {
    "a_date_farmed": "21/12/2024",
    "b_source": "10Times",
    "c_scraped_url": "https://10times.com/ic-nam-athens",
    "d": "New Lead",
    "e": "Opportunity",
    "f": "Juan",
    "g": "Juan",
    "h": "Lara",
    "i": "Scraping",
    "j": "EDU Business",
    "k": "EDU Events",
    "l": "",
    "m_date_of_event": "Thu, 09 - Fri, 10 Jan 2025",
    "n_event_name": "International Conference on Nanoscience, Nanotechnology & Advanced Materials (IC2NAM)",
    "o_description": "The International Conference on Nanoscience, Nanotechnology & Advanced Materials (IC2NAM - 2025) aims to provide a platform for academicians, researchers, engineers, and students to share research findings and establish collaborations. The event will feature invited lectures from renowned speakers and aims to contribute significantly to the knowledge base in these scientific fields.",
    "p": "",
    "q": "",
    "r": "",
    "s_state_province": "Royal Olympic Hotel, Athens, GreeceGet Directions",
    "t": "greece",
    "u": "[region]",
    "v": "",
    "w": "",
    "x": "",
    "y": "",
    "z": "",
    "aa": "",
    "ab_business_info": "ISER",
    "ac_website": "",
    "ad": "",
    "ae": "",
    "af_country": "India",
    "ag": "",
    "company_url": "https://10times.com/company/iser-india"
  },
  {
    "a_date_farmed": "21/12/2024",
    "b_source": "10Times",
    "c_scraped_url": "https://10times.com/e13d-pg8d-f0sh-5",
    "d": "New Lead",
    "e": "Opportunity",
    "f": "Juan",
    "g": "Juan",
    "h": "Lara",
    "i": "Scraping",
    "j": "EDU Business",
    "k": "EDU Events",
    "l": "",
    "m_date_of_event": "Thu, 16 - Fri, 17 Jan 2025",
    "n_event_name": "International Conference on Climate Change",
    "o_description": "Followers",
    "p": "",
    "q": "",
    "r": "",
    "s_state_province": "Ioannina, Greece",
    "t": "greece",
    "u": "[region]",
    "v": "",
    "w": "",
    "x": "",
    "y": "",
    "z": "",
    "aa": "",
    "ab_business_info": "",
    "ac_website": "",
    "ad": "",
    "ae": "",
    "af_country": "",
    "ag": "",
    "company_url": ""
  },
  {
    "a_date_farmed": "21/12/2024",
    "b_source": "10Times",
    "c_scraped_url": "https://10times.com/e1d3-837p-gdfs-x",
    "d": "New Lead",
    "e": "Opportunity",
    "f": "Juan",
    "g": "Juan",
    "h": "Lara",
    "i": "Scraping",
    "j": "EDU Business",
    "k": "EDU Events",
    "l": "",
    "m_date_of_event": "Thu, 16 - Fri, 17 Jan 2025",
    "n_event_name": "International Conference on Environment and Life Science",
    "o_description": "The International Conference on Environment and Life Science aims to unite academic scientists, researchers, and scholars to share experiences and research findings. It serves as a forum to discuss advancements and obstacles in Environment and Life Science fields. Accepted abstracts will be featured in a conference proceeding e-book with ISBN. The conference emphasizes manuscript guidelines and reasons for attending.",
    "p": "",
    "q": "",
    "r": "",
    "s_state_province": "Ioannina, Greece",
    "t": "greece",
    "u": "[region]",
    "v": "",
    "w": "",
    "x": "",
    "y": "",
    "z": "",
    "aa": "",
    "ab_business_info": "",
    "ac_website": "",
    "ad": "",
    "ae": "",
    "af_country": "",
    "ag": "",
    "company_url": ""
  },
  {
    "a_date_farmed": "21/12/2024",
    "b_source": "10Times",
    "c_scraped_url": "https://10times.com/e1dp-g3df-8s2s-1",
    "d": "New Lead",
    "e": "Opportunity",
    "f": "Juan",
    "g": "Juan",
    "h": "Lara",
    "i": "Scraping",
    "j": "EDU Business",
    "k": "EDU Events",
    "l": "",
    "m_date_of_event": "Thu, 16 - Fri, 17 Jan 2025",
    "n_event_name": "International Conference on Aquaculture and Fisheries Technology",
    "o_description": "Followers",
    "p": "",
    "q": "",
    "r": "",
    "s_state_province": "Ioannina, Greece",
    "t": "greece",
    "u": "[region]",
    "v": "",
    "w": "",
    "x": "",
    "y": "",
    "z": "",
    "aa": "",
    "ab_business_info": "",
    "ac_website": "",
    "ad": "",
    "ae": "",
    "af_country": "",
    "ag": "",
    "company_url": ""
  },
  {
    "a_date_farmed": "21/12/2024",
    "b_source": "10Times",
    "c_scraped_url": "https://10times.com/e1dz-220k-s0zs-g",
    "d": "New Lead",
    "e": "Opportunity",
    "f": "Juan",
    "g": "Juan",
    "h": "Lara",
    "i": "Scraping",
    "j": "EDU Business",
    "k": "EDU Events",
    "l": "",
    "m_date_of_event": "Fri, 17 - Sun, 19 Jan 2025",
    "n_event_name": "International Conference on Mathematical Models & Computational Techniques in Science & Engineering (MMCTSE)...",
    "o_description": "",
    "p": "",
    "q": "",
    "r": "",
    "s_state_province": "",
    "t": "greece",
    "u": "[region]",
    "v": "",
    "w": "",
    "x": "",
    "y": "",
    "z": "",
    "aa": "",
    "ab_business_info": "",
    "ac_website": "",
    "ad": "",
    "ae": "",
    "af_country": "",
    "ag": "",
    "company_url": ""
  },
  {
    "a_date_farmed": "21/12/2024",
    "b_source": "10Times",
    "c_scraped_url": "https://10times.com/e1dz-531p-4rgz-z",
    "d": "New Lead",
    "e": "Opportunity",
    "f": "Juan",
    "g": "Juan",
    "h": "Lara",
    "i": "Scraping",
    "j": "EDU Business",
    "k": "EDU Events",
    "l": "",
    "m_date_of_event": "Sat, 18 - Sun, 19 Jan 2025",
    "n_event_name": "Artificial Intelligence Summit",
    "o_description": "Followers",
    "p": "",
    "q": "",
    "r": "",
    "s_state_province": "Golden Age Hotel of Athens, Athens, GreeceGet Directions",
    "t": "greece",
    "u": "[region]",
    "v": "",
    "w": "",
    "x": "",
    "y": "",
    "z": "",
    "aa": "",
    "ab_business_info": "",
    "ac_website": "",
    "ad": "",
    "ae": "",
    "af_country": "",
    "ag": "",
    "company_url": ""
  },
  {
    "a_date_farmed": "21/12/2024",
    "b_source": "10Times",
    "c_scraped_url": "",
    "d": "New Lead",
    "e": "Opportunity",
    "f": "Juan",
    "g": "Juan",
    "h": "Lara",
    "i": "Scraping",
    "j": "EDU Business",
    "k": "EDU Events",
    "l": "",
    "m_date_of_event": "",
    "n_event_name": "",
    "o_description": "",
    "p": "",
    "q": "",
    "r": "",
    "s_state_province": "",
    "t": "greece",
    "u": "[region]",
    "v": "",
    "w": "",
    "x": "",
    "y": "",
    "z": "",
    "aa": "",
    "ab_business_info": "",
    "ac_website": "",
    "ad": "",
    "ae": "",
    "af_country": "",
    "ag": ""
  },
  {
    "a_date_farmed": "21/12/2024",
    "b_source": "10Times",
    "c_scraped_url": "https://10times.com/e1dr-28gd-5hh2-z",
    "d": "New Lead",
    "e": "Opportunity",
    "f": "Juan",
    "g": "Juan",
    "h": "Lara",
    "i": "Scraping",
    "j": "EDU Business",
    "k": "EDU Events",
    "l": "",
    "m_date_of_event": "Tue, 14 - Tue, 21 Jan 2025",
    "n_event_name": "Communicating Archaeology: knowledge exchange, impact and public engagement",
    "o_description": "This BSA course offers postgraduate students and professionals a chance to engage in hands-on experiences in archaeology communication. It includes on-site teaching with experts and discussions with various media professionals, focusing on inclusivity and best practices. Limited to 12 participants, the program provides merit-based bursaries for students.",
    "p": "",
    "q": "",
    "r": "",
    "s_state_province": "Athens, Greece",
    "t": "greece",
    "u": "[region]",
    "v": "",
    "w": "",
    "x": "",
    "y": "",
    "z": "",
    "aa": "",
    "ab_business_info": "British School at Athens",
    "ac_website": "",
    "ad": "",
    "ae": "",
    "af_country": "Greece",
    "ag": "",
    "company_url": "https://10times.com/company/british-school-at-athens"
  },
  {
    "a_date_farmed": "21/12/2024",
    "b_source": "10Times",
    "c_scraped_url": "https://10times.com/e14d-srgp-7s5x-8",
    "d": "New Lead",
    "e": "Opportunity",
    "f": "Juan",
    "g": "Juan",
    "h": "Lara",
    "i": "Scraping",
    "j": "EDU Business",
    "k": "EDU Events",
    "l": "",
    "m_date_of_event": "Wed, 22 Jan 2025",
    "n_event_name": "Employment Law Conference",
    "o_description": "",
    "p": "",
    "q": "",
    "r": "",
    "s_state_province": "Athens",
    "t": "greece",
    "u": "[region]",
    "v": "",
    "w": "",
    "x": "",
    "y": "",
    "z": "",
    "aa": "",
    "ab_business_info": "",
    "ac_website": "",
    "ad": "",
    "ae": "",
    "af_country": "",
    "ag": ""
  },
  {
    "a_date_farmed": "21/12/2024",
    "b_source": "10Times",
    "c_scraped_url": "https://10times.com/e1dz-0d4r-fg5r-8",
    "d": "New Lead",
    "e": "Opportunity",
    "f": "Juan",
    "g": "Juan",
    "h": "Lara",
    "i": "Scraping",
    "j": "EDU Business",
    "k": "EDU Events",
    "l": "",
    "m_date_of_event": "Thu, 06 Feb 2025",
    "n_event_name": "Wellbeing at Work Conference",
    "o_description": "",
    "p": "",
    "q": "",
    "r": "",
    "s_state_province": "",
    "t": "greece",
    "u": "[region]",
    "v": "",
    "w": "",
    "x": "",
    "y": "",
    "z": "",
    "aa": "",
    "ab_business_info": "",
    "ac_website": "",
    "ad": "",
    "ae": "",
    "af_country": "",
    "ag": "",
    "company_url": ""
  },
  {
    "a_date_farmed": "21/12/2024",
    "b_source": "10Times",
    "c_scraped_url": "https://10times.com/international-conference-on-accounting-and-finance",
    "d": "New Lead",
    "e": "Opportunity",
    "f": "Juan",
    "g": "Juan",
    "h": "Lara",
    "i": "Scraping",
    "j": "EDU Business",
    "k": "EDU Events",
    "l": "",
    "m_date_of_event": "Sun, 09 - Mon, 10 Feb 2025",
    "n_event_name": "International Conference on Accounting and Finance (ICAF)",
    "o_description": "",
    "p": "",
    "q": "",
    "r": "",
    "s_state_province": "Athens",
    "t": "greece",
    "u": "[region]",
    "v": "",
    "w": "",
    "x": "",
    "y": "",
    "z": "",
    "aa": "",
    "ab_business_info": "",
    "ac_website": "",
    "ad": "",
    "ae": "",
    "af_country": "",
    "ag": ""
  },
  {
    "a_date_farmed": "21/12/2024",
    "b_source": "10Times",
    "c_scraped_url": "https://10times.com/e1d3-z1f0-s7fz-g",
    "d": "New Lead",
    "e": "Opportunity",
    "f": "Juan",
    "g": "Juan",
    "h": "Lara",
    "i": "Scraping",
    "j": "EDU Business",
    "k": "EDU Events",
    "l": "",
    "m_date_of_event": "Sat, 15 - Sun, 16 Feb 2025",
    "n_event_name": "St Catherine's Model United Nations conference",
    "o_description": "",
    "p": "",
    "q": "",
    "r": "",
    "s_state_province": "",
    "t": "greece",
    "u": "[region]",
    "v": "",
    "w": "",
    "x": "",
    "y": "",
    "z": "",
    "aa": "",
    "ab_business_info": "",
    "ac_website": "",
    "ad": "",
    "ae": "",
    "af_country": "",
    "ag": "",
    "company_url": ""
  },
  {
    "a_date_farmed": "21/12/2024",
    "b_source": "10Times",
    "c_scraped_url": "https://10times.com/e12d-sshz-7k1g-4",
    "d": "New Lead",
    "e": "Opportunity",
    "f": "Juan",
    "g": "Juan",
    "h": "Lara",
    "i": "Scraping",
    "j": "EDU Business",
    "k": "EDU Events",
    "l": "",
    "m_date_of_event": "Fri, 07 - Sat, 08 Mar 2025",
    "n_event_name": "Diversity, Equity & Inclusion (DEI) Summit",
    "o_description": "The DEI Summit focuses on fostering a diverse and inclusive workplace, featuring immersive keynotes, panels, and sessions led by experts. Attendees will gain insights on best practices in DEI and have opportunities to build relationships with other professionals in the field.",
    "p": "",
    "q": "",
    "r": "",
    "s_state_province": "OTEAcademy, Athens, GreeceGet Directions",
    "t": "greece",
    "u": "[region]",
    "v": "",
    "w": "",
    "x": "",
    "y": "",
    "z": "",
    "aa": "",
    "ab_business_info": "",
    "ac_website": "",
    "ad": "",
    "ae": "",
    "af_country": "",
    "ag": "",
    "company_url": ""
  },
  {
    "a_date_farmed": "21/12/2024",
    "b_source": "10Times",
    "c_scraped_url": "https://10times.com/e15z-kdkh-9h19",
    "d": "New Lead",
    "e": "Opportunity",
    "f": "Juan",
    "g": "Juan",
    "h": "Lara",
    "i": "Scraping",
    "j": "EDU Business",
    "k": "EDU Events",
    "l": "",
    "m_date_of_event": "Fri, 07 - Sun, 09 Mar 2025",
    "n_event_name": "PS-MUN Conference",
    "o_description": "",
    "p": "",
    "q": "",
    "r": "",
    "s_state_province": "",
    "t": "greece",
    "u": "[region]",
    "v": "",
    "w": "",
    "x": "",
    "y": "",
    "z": "",
    "aa": "",
    "ab_business_info": "",
    "ac_website": "",
    "ad": "",
    "ae": "",
    "af_country": "",
    "ag": "",
    "company_url": ""
  },
  {
    "a_date_farmed": "21/12/2024",
    "b_source": "10Times",
    "c_scraped_url": "https://10times.com/tesol-greece-international",
    "d": "New Lead",
    "e": "Opportunity",
    "f": "Juan",
    "g": "Juan",
    "h": "Lara",
    "i": "Scraping",
    "j": "EDU Business",
    "k": "EDU Events",
    "l": "",
    "m_date_of_event": "Sat, 08 - Sun, 09 Mar 2025",
    "n_event_name": "TESOL Greece International Convention",
    "o_description": "Followers",
    "p": "",
    "q": "",
    "r": "",
    "s_state_province": "Hilton Athens, Athens, GreeceGet Directions",
    "t": "greece",
    "u": "[region]",
    "v": "",
    "w": "",
    "x": "",
    "y": "",
    "z": "",
    "aa": "",
    "ab_business_info": "TESOL, Greece",
    "ac_website": "",
    "ad": "",
    "ae": "",
    "af_country": "",
    "ag": "",
    "company_url": "https://10times.com/company/tesol-greece"
  },
  {
    "a_date_farmed": "21/12/2024",
    "b_source": "10Times",
    "c_scraped_url": "",
    "d": "New Lead",
    "e": "Opportunity",
    "f": "Juan",
    "g": "Juan",
    "h": "Lara",
    "i": "Scraping",
    "j": "EDU Business",
    "k": "EDU Events",
    "l": "",
    "m_date_of_event": "",
    "n_event_name": "",
    "o_description": "",
    "p": "",
    "q": "",
    "r": "",
    "s_state_province": "",
    "t": "greece",
    "u": "[region]",
    "v": "",
    "w": "",
    "x": "",
    "y": "",
    "z": "",
    "aa": "",
    "ab_business_info": "",
    "ac_website": "",
    "ad": "",
    "ae": "",
    "af_country": "",
    "ag": ""
  },
  {
    "a_date_farmed": "21/12/2024",
    "b_source": "10Times",
    "c_scraped_url": "https://10times.com/e1k0-z5r5-s5fk",
    "d": "New Lead",
    "e": "Opportunity",
    "f": "Juan",
    "g": "Juan",
    "h": "Lara",
    "i": "Scraping",
    "j": "EDU Business",
    "k": "EDU Events",
    "l": "",
    "m_date_of_event": "Thu, 13 - Sat, 15 Mar 2025",
    "n_event_name": "Forward Green Expo",
    "o_description": "Thessaloniki International Exhibition & Congress Center offers free entry for professionals or public with registration. The 2024 edition featured Forward Green and Renewable EnergyTech, attracting key players in green development.",
    "p": "",
    "q": "",
    "r": "",
    "s_state_province": "Thessaloniki International Exhibition, Thessaloniki, GreeceGet Directions",
    "t": "greece",
    "u": "[region]",
    "v": "",
    "w": "",
    "x": "",
    "y": "",
    "z": "",
    "aa": "",
    "ab_business_info": "Helexpo",
    "ac_website": "",
    "ad": "",
    "ae": "",
    "af_country": "Greece",
    "ag": "",
    "company_url": "https://10times.com/company/helexpo"
  },
  {
    "a_date_farmed": "21/12/2024",
    "b_source": "10Times",
    "c_scraped_url": "",
    "d": "New Lead",
    "e": "Opportunity",
    "f": "Juan",
    "g": "Juan",
    "h": "Lara",
    "i": "Scraping",
    "j": "EDU Business",
    "k": "EDU Events",
    "l": "",
    "m_date_of_event": "",
    "n_event_name": "",
    "o_description": "",
    "p": "",
    "q": "",
    "r": "",
    "s_state_province": "",
    "t": "greece",
    "u": "[region]",
    "v": "",
    "w": "",
    "x": "",
    "y": "",
    "z": "",
    "aa": "",
    "ab_business_info": "",
    "ac_website": "",
    "ad": "",
    "ae": "",
    "af_country": "",
    "ag": ""
  },
  {
    "a_date_farmed": "21/12/2024",
    "b_source": "10Times",
    "c_scraped_url": "https://10times.com/euromath-euroscience-thessaloniki",
    "d": "New Lead",
    "e": "Opportunity",
    "f": "Juan",
    "g": "Juan",
    "h": "Lara",
    "i": "Scraping",
    "j": "EDU Business",
    "k": "EDU Events",
    "l": "",
    "m_date_of_event": "Wed, 12 - Sun, 16 Mar 2025",
    "n_event_name": "Euromath & Euroscience",
    "o_description": "Followers",
    "p": "",
    "q": "",
    "r": "",
    "s_state_province": "Grand Hotel Palace, Thessaloniki, GreeceGet Directions",
    "t": "greece",
    "u": "[region]",
    "v": "",
    "w": "",
    "x": "",
    "y": "",
    "z": "",
    "aa": "",
    "ab_business_info": "",
    "ac_website": "",
    "ad": "",
    "ae": "",
    "af_country": "",
    "ag": "",
    "company_url": ""
  },
  {
    "a_date_farmed": "21/12/2024",
    "b_source": "10Times",
    "c_scraped_url": "",
    "d": "New Lead",
    "e": "Opportunity",
    "f": "Juan",
    "g": "Juan",
    "h": "Lara",
    "i": "Scraping",
    "j": "EDU Business",
    "k": "EDU Events",
    "l": "",
    "m_date_of_event": "",
    "n_event_name": "",
    "o_description": "",
    "p": "",
    "q": "",
    "r": "",
    "s_state_province": "",
    "t": "greece",
    "u": "[region]",
    "v": "",
    "w": "",
    "x": "",
    "y": "",
    "z": "",
    "aa": "",
    "ab_business_info": "",
    "ac_website": "",
    "ad": "",
    "ae": "",
    "af_country": "",
    "ag": ""
  },
  {
    "a_date_farmed": "21/12/2024",
    "b_source": "10Times",
    "c_scraped_url": "https://10times.com/annual-world-cultural-heritage-youth-symposium",
    "d": "New Lead",
    "e": "Opportunity",
    "f": "Juan",
    "g": "Juan",
    "h": "Lara",
    "i": "Scraping",
    "j": "EDU Business",
    "k": "EDU Events",
    "l": "",
    "m_date_of_event": "Wed, 26 - Sun, 30 Mar 2025",
    "n_event_name": "Annual World Cultural Heritage Youth Symposium",
    "o_description": "Followers",
    "p": "",
    "q": "",
    "r": "",
    "s_state_province": "Athens, Greece",
    "t": "greece",
    "u": "[region]",
    "v": "",
    "w": "",
    "x": "",
    "y": "",
    "z": "",
    "aa": "",
    "ab_business_info": "United Nations Educational Scientific and Cultural Organization UNESCO",
    "ac_website": "",
    "ad": "",
    "ae": "",
    "af_country": "Italy",
    "ag": "",
    "company_url": "https://10times.com/company/united-nations-educational-scientific-and-cultural-organizat"
  },
  {
    "a_date_farmed": "21/12/2024",
    "b_source": "10Times",
    "c_scraped_url": "https://10times.com/acgmun-conference",
    "d": "New Lead",
    "e": "Opportunity",
    "f": "Juan",
    "g": "Juan",
    "h": "Lara",
    "i": "Scraping",
    "j": "EDU Business",
    "k": "EDU Events",
    "l": "",
    "m_date_of_event": "Fri, 28 - Sun, 30 Mar 2025",
    "n_event_name": "ACGMUN Conference",
    "o_description": "",
    "p": "",
    "q": "",
    "r": "",
    "s_state_province": "",
    "t": "greece",
    "u": "[region]",
    "v": "",
    "w": "",
    "x": "",
    "y": "",
    "z": "",
    "aa": "",
    "ab_business_info": "",
    "ac_website": "",
    "ad": "",
    "ae": "",
    "af_country": "",
    "ag": "",
    "company_url": ""
  },
  {
    "a_date_farmed": "21/12/2024",
    "b_source": "10Times",
    "c_scraped_url": "https://10times.com/e15z-xp9s-g0d7",
    "d": "New Lead",
    "e": "Opportunity",
    "f": "Juan",
    "g": "Juan",
    "h": "Lara",
    "i": "Scraping",
    "j": "EDU Business",
    "k": "EDU Events",
    "l": "",
    "m_date_of_event": "Sun, 30 Mar 2025",
    "n_event_name": "Thessaloniki IP Exhibition",
    "o_description": "Followers",
    "p": "",
    "q": "",
    "r": "",
    "s_state_province": "The Met Hotel, Thessaloniki, GreeceGet Directions",
    "t": "greece",
    "u": "[region]",
    "v": "",
    "w": "",
    "x": "",
    "y": "",
    "z": "",
    "aa": "",
    "ab_business_info": "",
    "ac_website": "",
    "ad": "",
    "ae": "",
    "af_country": "",
    "ag": "",
    "company_url": ""
  },
  {
    "a_date_farmed": "21/12/2024",
    "b_source": "10Times",
    "c_scraped_url": "https://10times.com/mare-forum-oil-and-gas-europe",
    "d": "New Lead",
    "e": "Opportunity",
    "f": "Juan",
    "g": "Juan",
    "h": "Lara",
    "i": "Scraping",
    "j": "EDU Business",
    "k": "EDU Events",
    "l": "",
    "m_date_of_event": "Thu, 03 Apr 2025",
    "n_event_name": "Mare Forum Greece",
    "o_description": "",
    "p": "",
    "q": "",
    "r": "",
    "s_state_province": "",
    "t": "greece",
    "u": "[region]",
    "v": "",
    "w": "",
    "x": "",
    "y": "",
    "z": "",
    "aa": "",
    "ab_business_info": "",
    "ac_website": "",
    "ad": "",
    "ae": "",
    "af_country": "",
    "ag": "",
    "company_url": ""
  },
  {
    "a_date_farmed": "21/12/2024",
    "b_source": "10Times",
    "c_scraped_url": "https://10times.com/athens-ip-exhibition",
    "d": "New Lead",
    "e": "Opportunity",
    "f": "Juan",
    "g": "Juan",
    "h": "Lara",
    "i": "Scraping",
    "j": "EDU Business",
    "k": "EDU Events",
    "l": "",
    "m_date_of_event": "Sat, 05 - Sun, 06 Apr 2025",
    "n_event_name": "Athens International Publishers Exhibition (Athens IP Exhibition)",
    "o_description": "Followers",
    "p": "",
    "q": "",
    "r": "",
    "s_state_province": "Divani Caravel Hotel, Athens, GreeceGet Directions",
    "t": "greece",
    "u": "[region]",
    "v": "",
    "w": "",
    "x": "",
    "y": "",
    "z": "",
    "aa": "",
    "ab_business_info": "",
    "ac_website": "",
    "ad": "",
    "ae": "",
    "af_country": "",
    "ag": "",
    "company_url": ""
  },
  {
    "a_date_farmed": "21/12/2024",
    "b_source": "10Times",
    "c_scraped_url": "https://10times.com/femib",
    "d": "New Lead",
    "e": "Opportunity",
    "f": "Juan",
    "g": "Juan",
    "h": "Lara",
    "i": "Scraping",
    "j": "EDU Business",
    "k": "EDU Events",
    "l": "",
    "m_date_of_event": "Sat, 05 - Sun, 06 Apr 2025",
    "n_event_name": "International Conference on Finance, Economics, Management and IT Business (FEMIB)",
    "o_description": "",
    "p": "",
    "q": "",
    "r": "",
    "s_state_province": "",
    "t": "greece",
    "u": "[region]",
    "v": "",
    "w": "",
    "x": "",
    "y": "",
    "z": "",
    "aa": "",
    "ab_business_info": "",
    "ac_website": "",
    "ad": "",
    "ae": "",
    "af_country": "",
    "ag": "",
    "company_url": ""
  },
  {
    "a_date_farmed": "21/12/2024",
    "b_source": "10Times",
    "c_scraped_url": "https://10times.com/e1d1-f6sf-53kh-x",
    "d": "New Lead",
    "e": "Opportunity",
    "f": "Juan",
    "g": "Juan",
    "h": "Lara",
    "i": "Scraping",
    "j": "EDU Business",
    "k": "EDU Events",
    "l": "",
    "m_date_of_event": "Sat, 05 - Sun, 06 Apr 2025",
    "n_event_name": "NESA Learning Futures Summit",
    "o_description": "Followers",
    "p": "",
    "q": "",
    "r": "",
    "s_state_province": "Royal Olympic Hotel, Athens, GreeceGet Directions",
    "t": "greece",
    "u": "[region]",
    "v": "",
    "w": "",
    "x": "",
    "y": "",
    "z": "",
    "aa": "",
    "ab_business_info": "Near East South Asia Council of Overseas Schools",
    "ac_website": "",
    "ad": "",
    "ae": "",
    "af_country": "",
    "ag": "",
    "company_url": "https://10times.com/company/near-east-south-asia-council-of-overseas-schools"
  },
  {
    "a_date_farmed": "21/12/2024",
    "b_source": "10Times",
    "c_scraped_url": "https://10times.com/e12d-hfsr-0dd4-8",
    "d": "New Lead",
    "e": "Opportunity",
    "f": "Juan",
    "g": "Juan",
    "h": "Lara",
    "i": "Scraping",
    "j": "EDU Business",
    "k": "EDU Events",
    "l": "",
    "m_date_of_event": "Sat, 05 - Mon, 07 Apr 2025",
    "n_event_name": "OMA Annual Conference",
    "o_description": "Followers",
    "p": "",
    "q": "",
    "r": "",
    "s_state_province": "Athens, Greece",
    "t": "greece",
    "u": "[region]",
    "v": "",
    "w": "",
    "x": "",
    "y": "",
    "z": "",
    "aa": "",
    "ab_business_info": "",
    "ac_website": "",
    "ad": "",
    "ae": "",
    "af_country": "",
    "ag": "",
    "company_url": ""
  },
  {
    "a_date_farmed": "21/12/2024",
    "b_source": "10Times",
    "c_scraped_url": "https://10times.com/e1dr-5dz6-z3f7-x",
    "d": "New Lead",
    "e": "Opportunity",
    "f": "Juan",
    "g": "Juan",
    "h": "Lara",
    "i": "Scraping",
    "j": "EDU Business",
    "k": "EDU Events",
    "l": "",
    "m_date_of_event": "Mon, 14 - Tue, 15 Apr 2025",
    "n_event_name": "Project Management Methodology for European Funded Projects",
    "o_description": "",
    "p": "",
    "q": "",
    "r": "",
    "s_state_province": "",
    "t": "greece",
    "u": "[region]",
    "v": "",
    "w": "",
    "x": "",
    "y": "",
    "z": "",
    "aa": "",
    "ab_business_info": "",
    "ac_website": "",
    "ad": "",
    "ae": "",
    "af_country": "",
    "ag": "",
    "company_url": ""
  },
  {
    "a_date_farmed": "21/12/2024",
    "b_source": "10Times",
    "c_scraped_url": "https://10times.com/international-mediterranean-studies",
    "d": "New Lead",
    "e": "Opportunity",
    "f": "Juan",
    "g": "Juan",
    "h": "Lara",
    "i": "Scraping",
    "j": "EDU Business",
    "k": "EDU Events",
    "l": "",
    "m_date_of_event": "Mon, 14 - Fri, 18 Apr 2025",
    "n_event_name": "Annual International Conference on Mediterranean Studies",
    "o_description": "Followers",
    "p": "",
    "q": "",
    "r": "",
    "s_state_province": "Athens Institute For Education and Research (ATINER), Athens, GreeceGet Directions",
    "t": "greece",
    "u": "[region]",
    "v": "",
    "w": "",
    "x": "",
    "y": "",
    "z": "",
    "aa": "",
    "ab_business_info": "Athens Institute for Education & Research",
    "ac_website": "",
    "ad": "",
    "ae": "",
    "af_country": "",
    "ag": "",
    "company_url": "https://10times.com/company/aier"
  },
  {
    "a_date_farmed": "21/12/2024",
    "b_source": "10Times",
    "c_scraped_url": "",
    "d": "New Lead",
    "e": "Opportunity",
    "f": "Juan",
    "g": "Juan",
    "h": "Lara",
    "i": "Scraping",
    "j": "EDU Business",
    "k": "EDU Events",
    "l": "",
    "m_date_of_event": "",
    "n_event_name": "",
    "o_description": "",
    "p": "",
    "q": "",
    "r": "",
    "s_state_province": "",
    "t": "greece",
    "u": "[region]",
    "v": "",
    "w": "",
    "x": "",
    "y": "",
    "z": "",
    "aa": "",
    "ab_business_info": "",
    "ac_website": "",
    "ad": "",
    "ae": "",
    "af_country": "",
    "ag": ""
  },
  {
    "a_date_farmed": "21/12/2024",
    "b_source": "10Times",
    "c_scraped_url": "https://10times.com/e1d2-g1f5-1fsf-d",
    "d": "New Lead",
    "e": "Opportunity",
    "f": "Juan",
    "g": "Juan",
    "h": "Lara",
    "i": "Scraping",
    "j": "EDU Business",
    "k": "EDU Events",
    "l": "",
    "m_date_of_event": "Wed, 16 - Fri, 18 Apr 2025",
    "n_event_name": "International Conference on Future of Social Sciences (ICFSS)",
    "o_description": "Followers",
    "p": "",
    "q": "",
    "r": "",
    "s_state_province": "Royal Olympic Hotel, Athens, GreeceGet Directions",
    "t": "greece",
    "u": "[region]",
    "v": "",
    "w": "",
    "x": "",
    "y": "",
    "z": "",
    "aa": "",
    "ab_business_info": "",
    "ac_website": "",
    "ad": "",
    "ae": "",
    "af_country": "",
    "ag": "",
    "company_url": ""
  },
  {
    "a_date_farmed": "21/12/2024",
    "b_source": "10Times",
    "c_scraped_url": "https://10times.com/e11d-hxx0-k4zk-0",
    "d": "New Lead",
    "e": "Opportunity",
    "f": "Juan",
    "g": "Juan",
    "h": "Lara",
    "i": "Scraping",
    "j": "EDU Business",
    "k": "EDU Events",
    "l": "",
    "m_date_of_event": "Wed, 16 - Fri, 18 Apr 2025",
    "n_event_name": "International Conference on Research in Education (ICRECONF)",
    "o_description": "Followers",
    "p": "",
    "q": "",
    "r": "",
    "s_state_province": "Athens, Greece",
    "t": "greece",
    "u": "[region]",
    "v": "",
    "w": "",
    "x": "",
    "y": "",
    "z": "",
    "aa": "",
    "ab_business_info": "",
    "ac_website": "",
    "ad": "",
    "ae": "",
    "af_country": "",
    "ag": "",
    "company_url": ""
  },
  {
    "a_date_farmed": "21/12/2024",
    "b_source": "10Times",
    "c_scraped_url": "https://10times.com/annual-international-sociology",
    "d": "New Lead",
    "e": "Opportunity",
    "f": "Juan",
    "g": "Juan",
    "h": "Lara",
    "i": "Scraping",
    "j": "EDU Business",
    "k": "EDU Events",
    "l": "",
    "m_date_of_event": "Mon, 05 - Thu, 08 May 2025",
    "n_event_name": "International Conference on Sociology",
    "o_description": "",
    "p": "",
    "q": "",
    "r": "",
    "s_state_province": "",
    "t": "greece",
    "u": "[region]",
    "v": "",
    "w": "",
    "x": "",
    "y": "",
    "z": "",
    "aa": "",
    "ab_business_info": "",
    "ac_website": "",
    "ad": "",
    "ae": "",
    "af_country": "",
    "ag": "",
    "company_url": ""
  },
  {
    "a_date_farmed": "21/12/2024",
    "b_source": "10Times",
    "c_scraped_url": "https://10times.com/e1zd-xh30-1d8g",
    "d": "New Lead",
    "e": "Opportunity",
    "f": "Juan",
    "g": "Juan",
    "h": "Lara",
    "i": "Scraping",
    "j": "EDU Business",
    "k": "EDU Events",
    "l": "",
    "m_date_of_event": "Tue, 06 - Fri, 09 May 2025",
    "n_event_name": "Project Management Conference",
    "o_description": "Followers",
    "p": "",
    "q": "",
    "r": "",
    "s_state_province": "Megaron Athens International Conference Centre, Athens, GreeceGet Directions",
    "t": "greece",
    "u": "[region]",
    "v": "",
    "w": "",
    "x": "",
    "y": "",
    "z": "",
    "aa": "",
    "ab_business_info": "",
    "ac_website": "",
    "ad": "",
    "ae": "",
    "af_country": "",
    "ag": "",
    "company_url": ""
  },
  {
    "a_date_farmed": "21/12/2024",
    "b_source": "10Times",
    "c_scraped_url": "https://10times.com/e1dp-k174-0xsp-h",
    "d": "New Lead",
    "e": "Opportunity",
    "f": "Juan",
    "g": "Juan",
    "h": "Lara",
    "i": "Scraping",
    "j": "EDU Business",
    "k": "EDU Events",
    "l": "",
    "m_date_of_event": "Thu, 08 - Fri, 09 May 2025",
    "n_event_name": "ESPO Conference Thessaloniki",
    "o_description": "Followers",
    "p": "",
    "q": "",
    "r": "",
    "s_state_province": "Thessaloniki, Greece",
    "t": "greece",
    "u": "[region]",
    "v": "",
    "w": "",
    "x": "",
    "y": "",
    "z": "",
    "aa": "",
    "ab_business_info": "European Sea Ports Organisation",
    "ac_website": "",
    "ad": "",
    "ae": "",
    "af_country": "Belgium",
    "ag": "",
    "company_url": "https://10times.com/company/european-sea-ports-organisation"
  },
  {
    "a_date_farmed": "21/12/2024",
    "b_source": "10Times",
    "c_scraped_url": "https://10times.com/thessaloniki-book-fair-thessaloniki",
    "d": "New Lead",
    "e": "Opportunity",
    "f": "Juan",
    "g": "Juan",
    "h": "Lara",
    "i": "Scraping",
    "j": "EDU Business",
    "k": "EDU Events",
    "l": "",
    "m_date_of_event": "Thu, 08 - Sun, 11 May 2025",
    "n_event_name": "Thessaloniki International Book Fair",
    "o_description": "",
    "p": "",
    "q": "",
    "r": "",
    "s_state_province": "Thessaloniki",
    "t": "greece",
    "u": "[region]",
    "v": "",
    "w": "",
    "x": "",
    "y": "",
    "z": "",
    "aa": "",
    "ab_business_info": "",
    "ac_website": "",
    "ad": "",
    "ae": "",
    "af_country": "",
    "ag": ""
  },
  {
    "a_date_farmed": "21/12/2024",
    "b_source": "10Times",
    "c_scraped_url": "https://10times.com/e1d5-r3d1-z5sx-p",
    "d": "New Lead",
    "e": "Opportunity",
    "f": "Juan",
    "g": "Juan",
    "h": "Lara",
    "i": "Scraping",
    "j": "EDU Business",
    "k": "EDU Events",
    "l": "",
    "m_date_of_event": "Mon, 12 - Tue, 13 May 2025",
    "n_event_name": "Project Management Methodology for European Funded Projects",
    "o_description": "",
    "p": "",
    "q": "",
    "r": "",
    "s_state_province": "Thessaloniki",
    "t": "greece",
    "u": "[region]",
    "v": "",
    "w": "",
    "x": "",
    "y": "",
    "z": "",
    "aa": "",
    "ab_business_info": "",
    "ac_website": "",
    "ad": "",
    "ae": "",
    "af_country": "",
    "ag": ""
  },
  {
    "a_date_farmed": "21/12/2024",
    "b_source": "10Times",
    "c_scraped_url": "",
    "d": "New Lead",
    "e": "Opportunity",
    "f": "Juan",
    "g": "Juan",
    "h": "Lara",
    "i": "Scraping",
    "j": "EDU Business",
    "k": "EDU Events",
    "l": "",
    "m_date_of_event": "",
    "n_event_name": "",
    "o_description": "",
    "p": "",
    "q": "",
    "r": "",
    "s_state_province": "",
    "t": "greece",
    "u": "[region]",
    "v": "",
    "w": "",
    "x": "",
    "y": "",
    "z": "",
    "aa": "",
    "ab_business_info": "",
    "ac_website": "",
    "ad": "",
    "ae": "",
    "af_country": "",
    "ag": ""
  },
  {
    "a_date_farmed": "21/12/2024",
    "b_source": "10Times",
    "c_scraped_url": "",
    "d": "New Lead",
    "e": "Opportunity",
    "f": "Juan",
    "g": "Juan",
    "h": "Lara",
    "i": "Scraping",
    "j": "EDU Business",
    "k": "EDU Events",
    "l": "",
    "m_date_of_event": "",
    "n_event_name": "",
    "o_description": "",
    "p": "",
    "q": "",
    "r": "",
    "s_state_province": "",
    "t": "greece",
    "u": "[region]",
    "v": "",
    "w": "",
    "x": "",
    "y": "",
    "z": "",
    "aa": "",
    "ab_business_info": "",
    "ac_website": "",
    "ad": "",
    "ae": "",
    "af_country": "",
    "ag": ""
  }
]