[
  {
    "a_date_farmed": "16/07/2024",
    "b_source": "10Times",
    "c_scraped_url": "https://10times.com/icrdssbm-south-korea",
    "d": "New Lead",
    "e": "Opportunity",
    "f": "Juan",
    "g": "Juan",
    "h": "Lara",
    "i": "Scraping",
    "j": "EDU Business",
    "k": "EDU Events",
    "l": "",
    "m_date_of_event": "Fri, 20 Dec 2024",
    "n_event_name": "International Conference on Recent Developments in Social Science and Business Management (ICRDSSBM)",
    "o_description": "Followers",
    "p": "",
    "q": "",
    "r": "",
    "s_state_province": "Hotel Skypark Kingstown Dongdaemun, Seoul, South KoreaGet Directions",
    "t": "Vietnam",
    "u": "Southeast Asia",
    "v": "",
    "w": "",
    "x": "",
    "y": "",
    "z": "",
    "aa": "",
    "ab_business_info": "International Society for Scientific Research and Development",
    "ac_website": "",
    "ad": "",
    "ae": "",
    "af_country": "USA",
    "ag": "",
    "company_url": "https://10times.com/company/international-society-for-scientific-research-and-development"
  },
  {
    "a_date_farmed": "16/07/2024",
    "b_source": "10Times",
    "c_scraped_url": "https://10times.com/icebhs-seoul",
    "d": "New Lead",
    "e": "Opportunity",
    "f": "Juan",
    "g": "Juan",
    "h": "Lara",
    "i": "Scraping",
    "j": "EDU Business",
    "k": "EDU Events",
    "l": "",
    "m_date_of_event": "Fri, 20 - Sat, 21 Dec 2024",
    "n_event_name": "International Conference on Education, Business, Humanities and Social Sciences (ICEBHS)",
    "o_description": "Followers",
    "p": "",
    "q": "",
    "r": "",
    "s_state_province": "Seoul, South Korea  •  Virtual Event",
    "t": "Vietnam",
    "u": "Southeast Asia",
    "v": "",
    "w": "",
    "x": "",
    "y": "",
    "z": "",
    "aa": "",
    "ab_business_info": "",
    "ac_website": "",
    "ad": "",
    "ae": "",
    "af_country": "",
    "ag": "",
    "company_url": ""
  },
  {
    "a_date_farmed": "16/07/2024",
    "b_source": "10Times",
    "c_scraped_url": "",
    "d": "New Lead",
    "e": "Opportunity",
    "f": "Juan",
    "g": "Juan",
    "h": "Lara",
    "i": "Scraping",
    "j": "EDU Business",
    "k": "EDU Events",
    "l": "",
    "m_date_of_event": "",
    "n_event_name": "",
    "o_description": "",
    "p": "",
    "q": "",
    "r": "",
    "s_state_province": "",
    "t": "Vietnam",
    "u": "Southeast Asia",
    "v": "",
    "w": "",
    "x": "",
    "y": "",
    "z": "",
    "aa": "",
    "ab_business_info": "",
    "ac_website": "",
    "ad": "",
    "ae": "",
    "af_country": "",
    "ag": ""
  },
  {
    "a_date_farmed": "16/07/2024",
    "b_source": "10Times",
    "c_scraped_url": "https://10times.com/e1xd-dp22-4p0g",
    "d": "New Lead",
    "e": "Opportunity",
    "f": "Juan",
    "g": "Juan",
    "h": "Lara",
    "i": "Scraping",
    "j": "EDU Business",
    "k": "EDU Events",
    "l": "",
    "m_date_of_event": "Tue, 24 - Sat, 28 Dec 2024",
    "n_event_name": "Seoul Artshow",
    "o_description": "Followers",
    "p": "",
    "q": "",
    "r": "",
    "s_state_province": "Coex 513, Yeongdong-daero,Gangnam-gu, Seoul, 06164, Republic of Korea, \t\t\t\t\t\t\t\t\t\t\tSeoul, South KoreaGet Directions",
    "t": "Vietnam",
    "u": "Southeast Asia",
    "v": "",
    "w": "",
    "x": "",
    "y": "",
    "z": "",
    "aa": "",
    "ab_business_info": "Coex",
    "ac_website": "",
    "ad": "",
    "ae": "",
    "af_country": "",
    "ag": "",
    "company_url": "https://10times.com/company/coex"
  },
  {
    "a_date_farmed": "16/07/2024",
    "b_source": "10Times",
    "c_scraped_url": "",
    "d": "New Lead",
    "e": "Opportunity",
    "f": "Juan",
    "g": "Juan",
    "h": "Lara",
    "i": "Scraping",
    "j": "EDU Business",
    "k": "EDU Events",
    "l": "",
    "m_date_of_event": "",
    "n_event_name": "",
    "o_description": "",
    "p": "",
    "q": "",
    "r": "",
    "s_state_province": "",
    "t": "Vietnam",
    "u": "Southeast Asia",
    "v": "",
    "w": "",
    "x": "",
    "y": "",
    "z": "",
    "aa": "",
    "ab_business_info": "",
    "ac_website": "",
    "ad": "",
    "ae": "",
    "af_country": "",
    "ag": ""
  },
  {
    "a_date_farmed": "16/07/2024",
    "b_source": "10Times",
    "c_scraped_url": "https://10times.com/e1x2-d9d4-ps9k",
    "d": "New Lead",
    "e": "Opportunity",
    "f": "Juan",
    "g": "Juan",
    "h": "Lara",
    "i": "Scraping",
    "j": "EDU Business",
    "k": "EDU Events",
    "l": "",
    "m_date_of_event": "Thu, 26 - Sun, 29 Dec 2024",
    "n_event_name": "The Seoul Illustration Fair Vol.18",
    "o_description": "",
    "p": "",
    "q": "",
    "r": "",
    "s_state_province": "",
    "t": "Vietnam",
    "u": "Southeast Asia",
    "v": "",
    "w": "",
    "x": "",
    "y": "",
    "z": "",
    "aa": "",
    "ab_business_info": "",
    "ac_website": "",
    "ad": "",
    "ae": "",
    "af_country": "",
    "ag": "",
    "company_url": ""
  },
  {
    "a_date_farmed": "16/07/2024",
    "b_source": "10Times",
    "c_scraped_url": "https://10times.com/gsbem",
    "d": "New Lead",
    "e": "Opportunity",
    "f": "Juan",
    "g": "Juan",
    "h": "Lara",
    "i": "Scraping",
    "j": "EDU Business",
    "k": "EDU Events",
    "l": "",
    "m_date_of_event": "Sat, 28 - Sun, 29 Dec 2024",
    "n_event_name": "International Conference on Global Research insights in Social Science Business, Economics and Management Studies (GSBEM)...",
    "o_description": "",
    "p": "",
    "q": "",
    "r": "",
    "s_state_province": "",
    "t": "Vietnam",
    "u": "Southeast Asia",
    "v": "",
    "w": "",
    "x": "",
    "y": "",
    "z": "",
    "aa": "",
    "ab_business_info": "",
    "ac_website": "",
    "ad": "",
    "ae": "",
    "af_country": "",
    "ag": "",
    "company_url": ""
  },
  {
    "a_date_farmed": "16/07/2024",
    "b_source": "10Times",
    "c_scraped_url": "https://10times.com/e1d4-r2h4-xg2k-s",
    "d": "New Lead",
    "e": "Opportunity",
    "f": "Juan",
    "g": "Juan",
    "h": "Lara",
    "i": "Scraping",
    "j": "EDU Business",
    "k": "EDU Events",
    "l": "",
    "m_date_of_event": "Sat, 28 - Sun, 29 Dec 2024",
    "n_event_name": "International Conference on Global Research Insights in Social Science, Business, Economics, and Management Studies...",
    "o_description": "",
    "p": "",
    "q": "",
    "r": "",
    "s_state_province": "",
    "t": "Vietnam",
    "u": "Southeast Asia",
    "v": "",
    "w": "",
    "x": "",
    "y": "",
    "z": "",
    "aa": "",
    "ab_business_info": "",
    "ac_website": "",
    "ad": "",
    "ae": "",
    "af_country": "",
    "ag": "",
    "company_url": ""
  },
  {
    "a_date_farmed": "16/07/2024",
    "b_source": "10Times",
    "c_scraped_url": "https://10times.com/icbmss-seoul",
    "d": "New Lead",
    "e": "Opportunity",
    "f": "Juan",
    "g": "Juan",
    "h": "Lara",
    "i": "Scraping",
    "j": "EDU Business",
    "k": "EDU Events",
    "l": "",
    "m_date_of_event": "Fri, 03 - Sat, 04 Jan 2025",
    "n_event_name": "International Conference on Business Management and Social Science (ICBMSS)",
    "o_description": "Followers",
    "p": "",
    "q": "",
    "r": "",
    "s_state_province": "Hotel Newv, Seoul, South KoreaGet Directions",
    "t": "Vietnam",
    "u": "Southeast Asia",
    "v": "",
    "w": "",
    "x": "",
    "y": "",
    "z": "",
    "aa": "",
    "ab_business_info": "IRF Conference",
    "ac_website": "",
    "ad": "",
    "ae": "",
    "af_country": "India",
    "ag": "",
    "company_url": "https://10times.com/company/igrforum"
  },
  {
    "a_date_farmed": "16/07/2024",
    "b_source": "10Times",
    "c_scraped_url": "https://10times.com/education-fair-korea",
    "d": "New Lead",
    "e": "Opportunity",
    "f": "Juan",
    "g": "Juan",
    "h": "Lara",
    "i": "Scraping",
    "j": "EDU Business",
    "k": "EDU Events",
    "l": "",
    "m_date_of_event": "Wed, 15 - Fri, 17 Jan 2025",
    "n_event_name": "Education Korea",
    "o_description": "Followers",
    "p": "",
    "q": "",
    "r": "",
    "s_state_province": "COEX, Seoul, South KoreaGet Directions",
    "t": "Vietnam",
    "u": "Southeast Asia",
    "v": "",
    "w": "",
    "x": "",
    "y": "",
    "z": "",
    "aa": "",
    "ab_business_info": "",
    "ac_website": "",
    "ad": "",
    "ae": "",
    "af_country": "",
    "ag": "",
    "company_url": ""
  },
  {
    "a_date_farmed": "16/07/2024",
    "b_source": "10Times",
    "c_scraped_url": "https://10times.com/e1dh-5sp7-hk4s-5",
    "d": "New Lead",
    "e": "Opportunity",
    "f": "Juan",
    "g": "Juan",
    "h": "Lara",
    "i": "Scraping",
    "j": "EDU Business",
    "k": "EDU Events",
    "l": "",
    "m_date_of_event": "Fri, 17 - Sat, 18 Jan 2025",
    "n_event_name": "InnovateEDU Conference South Korea",
    "o_description": "Followers",
    "p": "",
    "q": "",
    "r": "",
    "s_state_province": "Dwight School Seoul, \t\t\t\t\t\t\t\t\t\t\tJikhalsi, South KoreaGet Directions",
    "t": "Vietnam",
    "u": "Southeast Asia",
    "v": "",
    "w": "",
    "x": "",
    "y": "",
    "z": "",
    "aa": "",
    "ab_business_info": "21st Century Learning International",
    "ac_website": "",
    "ad": "",
    "ae": "",
    "af_country": "",
    "ag": "",
    "company_url": "https://10times.com/company/st-century-learning-international"
  },
  {
    "a_date_farmed": "16/07/2024",
    "b_source": "10Times",
    "c_scraped_url": "https://10times.com/study-abroad-emigration",
    "d": "New Lead",
    "e": "Opportunity",
    "f": "Juan",
    "g": "Juan",
    "h": "Lara",
    "i": "Scraping",
    "j": "EDU Business",
    "k": "EDU Events",
    "l": "",
    "m_date_of_event": "Sat, 01 - Sun, 02 Feb 2025",
    "n_event_name": "International Education & Emigration Fair",
    "o_description": "Followers",
    "p": "",
    "q": "",
    "r": "",
    "s_state_province": "Starfield COEX Mall, Seoul, South KoreaGet Directions",
    "t": "Vietnam",
    "u": "Southeast Asia",
    "v": "",
    "w": "",
    "x": "",
    "y": "",
    "z": "",
    "aa": "",
    "ab_business_info": "Coex",
    "ac_website": "",
    "ad": "",
    "ae": "",
    "af_country": "",
    "ag": "",
    "company_url": "https://10times.com/company/coex"
  },
  {
    "a_date_farmed": "16/07/2024",
    "b_source": "10Times",
    "c_scraped_url": "https://10times.com/e1k1-h5h3-x8pk",
    "d": "New Lead",
    "e": "Opportunity",
    "f": "Juan",
    "g": "Juan",
    "h": "Lara",
    "i": "Scraping",
    "j": "EDU Business",
    "k": "EDU Events",
    "l": "",
    "m_date_of_event": "Sat, 01 - Sun, 02 Feb 2025",
    "n_event_name": "Study Abroad Fair",
    "o_description": "Followers",
    "p": "",
    "q": "",
    "r": "",
    "s_state_province": "COEX, Seoul, South KoreaGet Directions",
    "t": "Vietnam",
    "u": "Southeast Asia",
    "v": "",
    "w": "",
    "x": "",
    "y": "",
    "z": "",
    "aa": "",
    "ab_business_info": "Korea Trade Fairs Limited",
    "ac_website": "",
    "ad": "",
    "ae": "",
    "af_country": "",
    "ag": "",
    "company_url": "https://10times.com/company/korea-fairs"
  },
  {
    "a_date_farmed": "16/07/2024",
    "b_source": "10Times",
    "c_scraped_url": "https://10times.com/e1ds-rh23-zz34-s",
    "d": "New Lead",
    "e": "Opportunity",
    "f": "Juan",
    "g": "Juan",
    "h": "Lara",
    "i": "Scraping",
    "j": "EDU Business",
    "k": "EDU Events",
    "l": "",
    "m_date_of_event": "Sat, 01 - Wed, 05 Feb 2025",
    "n_event_name": "International Group Exhibition",
    "o_description": "",
    "p": "",
    "q": "",
    "r": "",
    "s_state_province": "",
    "t": "Vietnam",
    "u": "Southeast Asia",
    "v": "",
    "w": "",
    "x": "",
    "y": "",
    "z": "",
    "aa": "",
    "ab_business_info": "",
    "ac_website": "",
    "ad": "",
    "ae": "",
    "af_country": "",
    "ag": "",
    "company_url": ""
  },
  {
    "a_date_farmed": "16/07/2024",
    "b_source": "10Times",
    "c_scraped_url": "https://10times.com/e1d2-s2rh-4zz4-p",
    "d": "New Lead",
    "e": "Opportunity",
    "f": "Juan",
    "g": "Juan",
    "h": "Lara",
    "i": "Scraping",
    "j": "EDU Business",
    "k": "EDU Events",
    "l": "",
    "m_date_of_event": "Sat, 01 - Wed, 05 Feb 2025",
    "n_event_name": "International Conference on Social Sciences",
    "o_description": "",
    "p": "",
    "q": "",
    "r": "",
    "s_state_province": "Seoul",
    "t": "Vietnam",
    "u": "Southeast Asia",
    "v": "",
    "w": "",
    "x": "",
    "y": "",
    "z": "",
    "aa": "",
    "ab_business_info": "",
    "ac_website": "",
    "ad": "",
    "ae": "",
    "af_country": "",
    "ag": ""
  },
  {
    "a_date_farmed": "16/07/2024",
    "b_source": "10Times",
    "c_scraped_url": "",
    "d": "New Lead",
    "e": "Opportunity",
    "f": "Juan",
    "g": "Juan",
    "h": "Lara",
    "i": "Scraping",
    "j": "EDU Business",
    "k": "EDU Events",
    "l": "",
    "m_date_of_event": "",
    "n_event_name": "",
    "o_description": "",
    "p": "",
    "q": "",
    "r": "",
    "s_state_province": "",
    "t": "Vietnam",
    "u": "Southeast Asia",
    "v": "",
    "w": "",
    "x": "",
    "y": "",
    "z": "",
    "aa": "",
    "ab_business_info": "",
    "ac_website": "",
    "ad": "",
    "ae": "",
    "af_country": "",
    "ag": ""
  },
  {
    "a_date_farmed": "16/07/2024",
    "b_source": "10Times",
    "c_scraped_url": "https://10times.com/e1k1-h5h3-x2pr",
    "d": "New Lead",
    "e": "Opportunity",
    "f": "Juan",
    "g": "Juan",
    "h": "Lara",
    "i": "Scraping",
    "j": "EDU Business",
    "k": "EDU Events",
    "l": "",
    "m_date_of_event": "Tue, 04 - Sun, 09 Feb 2025",
    "n_event_name": "International Sculpture Festa",
    "o_description": "",
    "p": "",
    "q": "",
    "r": "",
    "s_state_province": "",
    "t": "Vietnam",
    "u": "Southeast Asia",
    "v": "",
    "w": "",
    "x": "",
    "y": "",
    "z": "",
    "aa": "",
    "ab_business_info": "",
    "ac_website": "",
    "ad": "",
    "ae": "",
    "af_country": "",
    "ag": "",
    "company_url": ""
  },
  {
    "a_date_farmed": "16/07/2024",
    "b_source": "10Times",
    "c_scraped_url": "https://10times.com/e1kf-h00z-d19z",
    "d": "New Lead",
    "e": "Opportunity",
    "f": "Juan",
    "g": "Juan",
    "h": "Lara",
    "i": "Scraping",
    "j": "EDU Business",
    "k": "EDU Events",
    "l": "",
    "m_date_of_event": "Thu, 06 - Sun, 09 Feb 2025",
    "n_event_name": "K-Illustration Fair Seoul",
    "o_description": "",
    "p": "",
    "q": "",
    "r": "",
    "s_state_province": "Seoul",
    "t": "Vietnam",
    "u": "Southeast Asia",
    "v": "",
    "w": "",
    "x": "",
    "y": "",
    "z": "",
    "aa": "",
    "ab_business_info": "",
    "ac_website": "",
    "ad": "",
    "ae": "",
    "af_country": "",
    "ag": ""
  },
  {
    "a_date_farmed": "16/07/2024",
    "b_source": "10Times",
    "c_scraped_url": "https://10times.com/e1sx-3gg0-f1r8",
    "d": "New Lead",
    "e": "Opportunity",
    "f": "Juan",
    "g": "Juan",
    "h": "Lara",
    "i": "Scraping",
    "j": "EDU Business",
    "k": "EDU Events",
    "l": "",
    "m_date_of_event": "Thu, 20 - Sun, 23 Feb 2025",
    "n_event_name": "Kobe Baby Fair & Early Childhood Education Fair",
    "o_description": "",
    "p": "",
    "q": "",
    "r": "",
    "s_state_province": "",
    "t": "Vietnam",
    "u": "Southeast Asia",
    "v": "",
    "w": "",
    "x": "",
    "y": "",
    "z": "",
    "aa": "",
    "ab_business_info": "",
    "ac_website": "",
    "ad": "",
    "ae": "",
    "af_country": "",
    "ag": "",
    "company_url": ""
  },
  {
    "a_date_farmed": "16/07/2024",
    "b_source": "10Times",
    "c_scraped_url": "https://10times.com/icef-japan-korea-agent-roadshow",
    "d": "New Lead",
    "e": "Opportunity",
    "f": "Juan",
    "g": "Juan",
    "h": "Lara",
    "i": "Scraping",
    "j": "EDU Business",
    "k": "EDU Events",
    "l": "",
    "m_date_of_event": "Tue, 25 - Thu, 27 Feb 2025",
    "n_event_name": "ICEF Japan Korea Agent Roadshow",
    "o_description": "",
    "p": "",
    "q": "",
    "r": "",
    "s_state_province": "Seoul",
    "t": "Vietnam",
    "u": "Southeast Asia",
    "v": "",
    "w": "",
    "x": "",
    "y": "",
    "z": "",
    "aa": "",
    "ab_business_info": "",
    "ac_website": "",
    "ad": "",
    "ae": "",
    "af_country": "",
    "ag": ""
  },
  {
    "a_date_farmed": "16/07/2024",
    "b_source": "10Times",
    "c_scraped_url": "https://10times.com/e1s1-k1gf-5r4k",
    "d": "New Lead",
    "e": "Opportunity",
    "f": "Juan",
    "g": "Juan",
    "h": "Lara",
    "i": "Scraping",
    "j": "EDU Business",
    "k": "EDU Events",
    "l": "",
    "m_date_of_event": "Mon, 17 - Tue, 18 Mar 2025",
    "n_event_name": "International Conference on Obesity and Chronic Diseases (ICOCD)",
    "o_description": "",
    "p": "",
    "q": "",
    "r": "",
    "s_state_province": "",
    "t": "Vietnam",
    "u": "Southeast Asia",
    "v": "",
    "w": "",
    "x": "",
    "y": "",
    "z": "",
    "aa": "",
    "ab_business_info": "",
    "ac_website": "",
    "ad": "",
    "ae": "",
    "af_country": "",
    "ag": "",
    "company_url": ""
  },
  {
    "a_date_farmed": "16/07/2024",
    "b_source": "10Times",
    "c_scraped_url": "https://10times.com/e1s1-k6g5-f3fh",
    "d": "New Lead",
    "e": "Opportunity",
    "f": "Juan",
    "g": "Juan",
    "h": "Lara",
    "i": "Scraping",
    "j": "EDU Business",
    "k": "EDU Events",
    "l": "",
    "m_date_of_event": "Mon, 17 - Tue, 18 Mar 2025",
    "n_event_name": "International Conference on Gender and Women's Studies (ICGWS)",
    "o_description": "",
    "p": "",
    "q": "",
    "r": "",
    "s_state_province": "",
    "t": "Vietnam",
    "u": "Southeast Asia",
    "v": "",
    "w": "",
    "x": "",
    "y": "",
    "z": "",
    "aa": "",
    "ab_business_info": "",
    "ac_website": "",
    "ad": "",
    "ae": "",
    "af_country": "",
    "ag": "",
    "company_url": ""
  },
  {
    "a_date_farmed": "16/07/2024",
    "b_source": "10Times",
    "c_scraped_url": "https://10times.com/e1s1-55k0-gfff",
    "d": "New Lead",
    "e": "Opportunity",
    "f": "Juan",
    "g": "Juan",
    "h": "Lara",
    "i": "Scraping",
    "j": "EDU Business",
    "k": "EDU Events",
    "l": "",
    "m_date_of_event": "Mon, 17 - Tue, 18 Mar 2025",
    "n_event_name": "International Conference on Education, Learning and Training (ICELT)",
    "o_description": "",
    "p": "",
    "q": "",
    "r": "",
    "s_state_province": "",
    "t": "Vietnam",
    "u": "Southeast Asia",
    "v": "",
    "w": "",
    "x": "",
    "y": "",
    "z": "",
    "aa": "",
    "ab_business_info": "",
    "ac_website": "",
    "ad": "",
    "ae": "",
    "af_country": "",
    "ag": "",
    "company_url": ""
  },
  {
    "a_date_farmed": "16/07/2024",
    "b_source": "10Times",
    "c_scraped_url": "https://10times.com/sans-seoul",
    "d": "New Lead",
    "e": "Opportunity",
    "f": "Juan",
    "g": "Juan",
    "h": "Lara",
    "i": "Scraping",
    "j": "EDU Business",
    "k": "EDU Events",
    "l": "",
    "m_date_of_event": "Mon, 10 - Sat, 22 Mar 2025",
    "n_event_name": "SANS Secure Korea",
    "o_description": "",
    "p": "",
    "q": "",
    "r": "",
    "s_state_province": "",
    "t": "Vietnam",
    "u": "Southeast Asia",
    "v": "",
    "w": "",
    "x": "",
    "y": "",
    "z": "",
    "aa": "",
    "ab_business_info": "",
    "ac_website": "",
    "ad": "",
    "ae": "",
    "af_country": "",
    "ag": "",
    "company_url": ""
  },
  {
    "a_date_farmed": "16/07/2024",
    "b_source": "10Times",
    "c_scraped_url": "",
    "d": "New Lead",
    "e": "Opportunity",
    "f": "Juan",
    "g": "Juan",
    "h": "Lara",
    "i": "Scraping",
    "j": "EDU Business",
    "k": "EDU Events",
    "l": "",
    "m_date_of_event": "",
    "n_event_name": "",
    "o_description": "",
    "p": "",
    "q": "",
    "r": "",
    "s_state_province": "",
    "t": "Vietnam",
    "u": "Southeast Asia",
    "v": "",
    "w": "",
    "x": "",
    "y": "",
    "z": "",
    "aa": "",
    "ab_business_info": "",
    "ac_website": "",
    "ad": "",
    "ae": "",
    "af_country": "",
    "ag": ""
  },
  {
    "a_date_farmed": "16/07/2024",
    "b_source": "10Times",
    "c_scraped_url": "https://10times.com/ssek",
    "d": "New Lead",
    "e": "Opportunity",
    "f": "Juan",
    "g": "Juan",
    "h": "Lara",
    "i": "Scraping",
    "j": "EDU Business",
    "k": "EDU Events",
    "l": "",
    "m_date_of_event": "Sat, 22 - Sun, 23 Mar 2025",
    "n_event_name": "International Conference on Issue in the Field of Social Sciences, Economic and Knowledge Management (SSEK)...",
    "o_description": "",
    "p": "",
    "q": "",
    "r": "",
    "s_state_province": "",
    "t": "Vietnam",
    "u": "Southeast Asia",
    "v": "",
    "w": "",
    "x": "",
    "y": "",
    "z": "",
    "aa": "",
    "ab_business_info": "",
    "ac_website": "",
    "ad": "",
    "ae": "",
    "af_country": "",
    "ag": "",
    "company_url": ""
  },
  {
    "a_date_farmed": "16/07/2024",
    "b_source": "10Times",
    "c_scraped_url": "",
    "d": "New Lead",
    "e": "Opportunity",
    "f": "Juan",
    "g": "Juan",
    "h": "Lara",
    "i": "Scraping",
    "j": "EDU Business",
    "k": "EDU Events",
    "l": "",
    "m_date_of_event": "",
    "n_event_name": "",
    "o_description": "",
    "p": "",
    "q": "",
    "r": "",
    "s_state_province": "",
    "t": "Vietnam",
    "u": "Southeast Asia",
    "v": "",
    "w": "",
    "x": "",
    "y": "",
    "z": "",
    "aa": "",
    "ab_business_info": "",
    "ac_website": "",
    "ad": "",
    "ae": "",
    "af_country": "",
    "ag": ""
  },
  {
    "a_date_farmed": "16/07/2024",
    "b_source": "10Times",
    "c_scraped_url": "https://10times.com/e1dr-f43x-37sx-f",
    "d": "New Lead",
    "e": "Opportunity",
    "f": "Juan",
    "g": "Juan",
    "h": "Lara",
    "i": "Scraping",
    "j": "EDU Business",
    "k": "EDU Events",
    "l": "",
    "m_date_of_event": "Wed, 26 - Fri, 28 Mar 2025",
    "n_event_name": "International Conference on Business and Social Science (ICBASS)",
    "o_description": "",
    "p": "",
    "q": "",
    "r": "",
    "s_state_province": "",
    "t": "Vietnam",
    "u": "Southeast Asia",
    "v": "",
    "w": "",
    "x": "",
    "y": "",
    "z": "",
    "aa": "",
    "ab_business_info": "",
    "ac_website": "",
    "ad": "",
    "ae": "",
    "af_country": "",
    "ag": "",
    "company_url": ""
  },
  {
    "a_date_farmed": "16/07/2024",
    "b_source": "10Times",
    "c_scraped_url": "",
    "d": "New Lead",
    "e": "Opportunity",
    "f": "Juan",
    "g": "Juan",
    "h": "Lara",
    "i": "Scraping",
    "j": "EDU Business",
    "k": "EDU Events",
    "l": "",
    "m_date_of_event": "",
    "n_event_name": "",
    "o_description": "",
    "p": "",
    "q": "",
    "r": "",
    "s_state_province": "",
    "t": "Vietnam",
    "u": "Southeast Asia",
    "v": "",
    "w": "",
    "x": "",
    "y": "",
    "z": "",
    "aa": "",
    "ab_business_info": "",
    "ac_website": "",
    "ad": "",
    "ae": "",
    "af_country": "",
    "ag": ""
  },
  {
    "a_date_farmed": "16/07/2024",
    "b_source": "10Times",
    "c_scraped_url": "https://10times.com/e1x4-z4d2-h7rs",
    "d": "New Lead",
    "e": "Opportunity",
    "f": "Juan",
    "g": "Juan",
    "h": "Lara",
    "i": "Scraping",
    "j": "EDU Business",
    "k": "EDU Events",
    "l": "",
    "m_date_of_event": "Thu, 27 - Sun, 30 Mar 2025",
    "n_event_name": "The Korea Representative Specialty Products Direct Trade Fair",
    "o_description": "Followers",
    "p": "",
    "q": "",
    "r": "",
    "s_state_province": "Busan Exhibition and Convention Center, Busan, South KoreaGet Directions",
    "t": "Vietnam",
    "u": "Southeast Asia",
    "v": "",
    "w": "",
    "x": "",
    "y": "",
    "z": "",
    "aa": "",
    "ab_business_info": "",
    "ac_website": "",
    "ad": "",
    "ae": "",
    "af_country": "",
    "ag": "",
    "company_url": ""
  },
  {
    "a_date_farmed": "16/07/2024",
    "b_source": "10Times",
    "c_scraped_url": "https://10times.com/franchise-seoul",
    "d": "New Lead",
    "e": "Opportunity",
    "f": "Juan",
    "g": "Juan",
    "h": "Lara",
    "i": "Scraping",
    "j": "EDU Business",
    "k": "EDU Events",
    "l": "",
    "m_date_of_event": "Thu, 10 - Sat, 12 Apr 2025",
    "n_event_name": "International Franchise Show (IFS)",
    "o_description": "",
    "p": "",
    "q": "",
    "r": "",
    "s_state_province": "",
    "t": "Vietnam",
    "u": "Southeast Asia",
    "v": "",
    "w": "",
    "x": "",
    "y": "",
    "z": "",
    "aa": "",
    "ab_business_info": "",
    "ac_website": "",
    "ad": "",
    "ae": "",
    "af_country": "",
    "ag": "",
    "company_url": ""
  },
  {
    "a_date_farmed": "16/07/2024",
    "b_source": "10Times",
    "c_scraped_url": "https://10times.com/e12d-dhhd-f3k1-8",
    "d": "New Lead",
    "e": "Opportunity",
    "f": "Juan",
    "g": "Juan",
    "h": "Lara",
    "i": "Scraping",
    "j": "EDU Business",
    "k": "EDU Events",
    "l": "",
    "m_date_of_event": "Fri, 11 - Sun, 13 Apr 2025",
    "n_event_name": "Cam Fair",
    "o_description": "",
    "p": "",
    "q": "",
    "r": "",
    "s_state_province": "",
    "t": "Vietnam",
    "u": "Southeast Asia",
    "v": "",
    "w": "",
    "x": "",
    "y": "",
    "z": "",
    "aa": "",
    "ab_business_info": "",
    "ac_website": "",
    "ad": "",
    "ae": "",
    "af_country": "",
    "ag": "",
    "company_url": ""
  },
  {
    "a_date_farmed": "16/07/2024",
    "b_source": "10Times",
    "c_scraped_url": "https://10times.com/e148-dhhh-r0kx-0",
    "d": "New Lead",
    "e": "Opportunity",
    "f": "Juan",
    "g": "Juan",
    "h": "Lara",
    "i": "Scraping",
    "j": "EDU Business",
    "k": "EDU Events",
    "l": "",
    "m_date_of_event": "Thu, 24 - Fri, 25 Apr 2025",
    "n_event_name": "RECOMB Satellite Conference on Biological Sequence Analysis",
    "o_description": "",
    "p": "",
    "q": "",
    "r": "",
    "s_state_province": "Seoul",
    "t": "Vietnam",
    "u": "Southeast Asia",
    "v": "",
    "w": "",
    "x": "",
    "y": "",
    "z": "",
    "aa": "",
    "ab_business_info": "",
    "ac_website": "",
    "ad": "",
    "ae": "",
    "af_country": "",
    "ag": ""
  },
  {
    "a_date_farmed": "16/07/2024",
    "b_source": "10Times",
    "c_scraped_url": "https://10times.com/e1x5-15z7-dhkx",
    "d": "New Lead",
    "e": "Opportunity",
    "f": "Juan",
    "g": "Juan",
    "h": "Lara",
    "i": "Scraping",
    "j": "EDU Business",
    "k": "EDU Events",
    "l": "",
    "m_date_of_event": "Thu, 24 - Sat, 26 Apr 2025",
    "n_event_name": "The Busan Startup Expo",
    "o_description": "",
    "p": "",
    "q": "",
    "r": "",
    "s_state_province": "",
    "t": "Vietnam",
    "u": "Southeast Asia",
    "v": "",
    "w": "",
    "x": "",
    "y": "",
    "z": "",
    "aa": "",
    "ab_business_info": "",
    "ac_website": "",
    "ad": "",
    "ae": "",
    "af_country": "",
    "ag": "",
    "company_url": ""
  },
  {
    "a_date_farmed": "16/07/2024",
    "b_source": "10Times",
    "c_scraped_url": "https://10times.com/edms",
    "d": "New Lead",
    "e": "Opportunity",
    "f": "Juan",
    "g": "Juan",
    "h": "Lara",
    "i": "Scraping",
    "j": "EDU Business",
    "k": "EDU Events",
    "l": "",
    "m_date_of_event": "Sat, 26 - Sun, 27 Apr 2025",
    "n_event_name": "International Conference on Innovative Trends in Economics, Development, Managements and Social Science (EDMS)...",
    "o_description": "",
    "p": "",
    "q": "",
    "r": "",
    "s_state_province": "",
    "t": "Vietnam",
    "u": "Southeast Asia",
    "v": "",
    "w": "",
    "x": "",
    "y": "",
    "z": "",
    "aa": "",
    "ab_business_info": "",
    "ac_website": "",
    "ad": "",
    "ae": "",
    "af_country": "",
    "ag": "",
    "company_url": ""
  },
  {
    "a_date_farmed": "16/07/2024",
    "b_source": "10Times",
    "c_scraped_url": "https://10times.com/e1rr-rr45-z47h",
    "d": "New Lead",
    "e": "Opportunity",
    "f": "Juan",
    "g": "Juan",
    "h": "Lara",
    "i": "Scraping",
    "j": "EDU Business",
    "k": "EDU Events",
    "l": "",
    "m_date_of_event": "Thu, 08 - Sun, 11 May 2025",
    "n_event_name": "THE MAISON",
    "o_description": "",
    "p": "",
    "q": "",
    "r": "",
    "s_state_province": "",
    "t": "Vietnam",
    "u": "Southeast Asia",
    "v": "",
    "w": "",
    "x": "",
    "y": "",
    "z": "",
    "aa": "",
    "ab_business_info": "",
    "ac_website": "",
    "ad": "",
    "ae": "",
    "af_country": "",
    "ag": "",
    "company_url": ""
  },
  {
    "a_date_farmed": "16/07/2024",
    "b_source": "10Times",
    "c_scraped_url": "https://10times.com/kotesol-conference",
    "d": "New Lead",
    "e": "Opportunity",
    "f": "Juan",
    "g": "Juan",
    "h": "Lara",
    "i": "Scraping",
    "j": "EDU Business",
    "k": "EDU Events",
    "l": "",
    "m_date_of_event": "Sat, 10 - Sun, 11 May 2025",
    "n_event_name": "Korea TESOL International Conference (Kotesol Conference)",
    "o_description": "",
    "p": "",
    "q": "",
    "r": "",
    "s_state_province": "",
    "t": "Vietnam",
    "u": "Southeast Asia",
    "v": "",
    "w": "",
    "x": "",
    "y": "",
    "z": "",
    "aa": "",
    "ab_business_info": "",
    "ac_website": "",
    "ad": "",
    "ae": "",
    "af_country": "",
    "ag": "",
    "company_url": ""
  },
  {
    "a_date_farmed": "16/07/2024",
    "b_source": "10Times",
    "c_scraped_url": "https://10times.com/csom",
    "d": "New Lead",
    "e": "Opportunity",
    "f": "Juan",
    "g": "Juan",
    "h": "Lara",
    "i": "Scraping",
    "j": "EDU Business",
    "k": "EDU Events",
    "l": "",
    "m_date_of_event": "Sat, 17 - Sun, 18 May 2025",
    "n_event_name": "International Conference on Cross Culture Studies in Social Sciences and Operations Management (CSOM)",
    "o_description": "",
    "p": "",
    "q": "",
    "r": "",
    "s_state_province": "",
    "t": "Vietnam",
    "u": "Southeast Asia",
    "v": "",
    "w": "",
    "x": "",
    "y": "",
    "z": "",
    "aa": "",
    "ab_business_info": "",
    "ac_website": "",
    "ad": "",
    "ae": "",
    "af_country": "",
    "ag": "",
    "company_url": ""
  },
  {
    "a_date_farmed": "16/07/2024",
    "b_source": "10Times",
    "c_scraped_url": "https://10times.com/e1ds-zx23-24kd-f",
    "d": "New Lead",
    "e": "Opportunity",
    "f": "Juan",
    "g": "Juan",
    "h": "Lara",
    "i": "Scraping",
    "j": "EDU Business",
    "k": "EDU Events",
    "l": "",
    "m_date_of_event": "Thu, 29 - Sat, 31 May 2025",
    "n_event_name": "The Liver Week",
    "o_description": "",
    "p": "",
    "q": "",
    "r": "",
    "s_state_province": "",
    "t": "Vietnam",
    "u": "Southeast Asia",
    "v": "",
    "w": "",
    "x": "",
    "y": "",
    "z": "",
    "aa": "",
    "ab_business_info": "",
    "ac_website": "",
    "ad": "",
    "ae": "",
    "af_country": "",
    "ag": "",
    "company_url": ""
  },
  {
    "a_date_farmed": "16/07/2024",
    "b_source": "10Times",
    "c_scraped_url": "",
    "d": "New Lead",
    "e": "Opportunity",
    "f": "Juan",
    "g": "Juan",
    "h": "Lara",
    "i": "Scraping",
    "j": "EDU Business",
    "k": "EDU Events",
    "l": "",
    "m_date_of_event": "",
    "n_event_name": "",
    "o_description": "",
    "p": "",
    "q": "",
    "r": "",
    "s_state_province": "",
    "t": "Vietnam",
    "u": "Southeast Asia",
    "v": "",
    "w": "",
    "x": "",
    "y": "",
    "z": "",
    "aa": "",
    "ab_business_info": "",
    "ac_website": "",
    "ad": "",
    "ae": "",
    "af_country": "",
    "ag": ""
  },
  {
    "a_date_farmed": "16/07/2024",
    "b_source": "10Times",
    "c_scraped_url": "https://10times.com/mbes",
    "d": "New Lead",
    "e": "Opportunity",
    "f": "Juan",
    "g": "Juan",
    "h": "Lara",
    "i": "Scraping",
    "j": "EDU Business",
    "k": "EDU Events",
    "l": "",
    "m_date_of_event": "Sat, 07 - Sun, 08 Jun 2025",
    "n_event_name": "International Conference on Multidisciplinary Approaches in Business Economics and Social Sciences Disciplines (MBES)...",
    "o_description": "",
    "p": "",
    "q": "",
    "r": "",
    "s_state_province": "",
    "t": "Vietnam",
    "u": "Southeast Asia",
    "v": "",
    "w": "",
    "x": "",
    "y": "",
    "z": "",
    "aa": "",
    "ab_business_info": "",
    "ac_website": "",
    "ad": "",
    "ae": "",
    "af_country": "",
    "ag": "",
    "company_url": ""
  },
  {
    "a_date_farmed": "16/07/2024",
    "b_source": "10Times",
    "c_scraped_url": "https://10times.com/icemss-seoul",
    "d": "New Lead",
    "e": "Opportunity",
    "f": "Juan",
    "g": "Juan",
    "h": "Lara",
    "i": "Scraping",
    "j": "EDU Business",
    "k": "EDU Events",
    "l": "",
    "m_date_of_event": "Wed, 18 - Thu, 19 Jun 2025",
    "n_event_name": "International Conference on Economics, Management and Social Study (ICEMSS)",
    "o_description": "",
    "p": "",
    "q": "",
    "r": "",
    "s_state_province": "",
    "t": "Vietnam",
    "u": "Southeast Asia",
    "v": "",
    "w": "",
    "x": "",
    "y": "",
    "z": "",
    "aa": "",
    "ab_business_info": "",
    "ac_website": "",
    "ad": "",
    "ae": "",
    "af_country": "",
    "ag": "",
    "company_url": ""
  },
  {
    "a_date_farmed": "16/07/2024",
    "b_source": "10Times",
    "c_scraped_url": "https://10times.com/e1d0-r4d2-x4gk-d",
    "d": "New Lead",
    "e": "Opportunity",
    "f": "Juan",
    "g": "Juan",
    "h": "Lara",
    "i": "Scraping",
    "j": "EDU Business",
    "k": "EDU Events",
    "l": "",
    "m_date_of_event": "Wed, 18 - Fri, 20 Jun 2025",
    "n_event_name": "ACM SIGPLAN Conference on Programming Language Design and Implementation",
    "o_description": "Followers",
    "p": "",
    "q": "",
    "r": "",
    "s_state_province": "The Westin Chosun, Seoul, Seoul, South KoreaGet Directions",
    "t": "Vietnam",
    "u": "Southeast Asia",
    "v": "",
    "w": "",
    "x": "",
    "y": "",
    "z": "",
    "aa": "",
    "ab_business_info": "",
    "ac_website": "",
    "ad": "",
    "ae": "",
    "af_country": "",
    "ag": "",
    "company_url": ""
  },
  {
    "a_date_farmed": "16/07/2024",
    "b_source": "10Times",
    "c_scraped_url": "https://10times.com/seoul-book-fair",
    "d": "New Lead",
    "e": "Opportunity",
    "f": "Juan",
    "g": "Juan",
    "h": "Lara",
    "i": "Scraping",
    "j": "EDU Business",
    "k": "EDU Events",
    "l": "",
    "m_date_of_event": "Wed, 18 - Sun, 22 Jun 2025",
    "n_event_name": "Seoul International Book Fair (SIBF)",
    "o_description": "Followers",
    "p": "",
    "q": "",
    "r": "",
    "s_state_province": "COEX Convention Center, Seoul, South KoreaGet Directions",
    "t": "Vietnam",
    "u": "Southeast Asia",
    "v": "",
    "w": "",
    "x": "",
    "y": "",
    "z": "",
    "aa": "",
    "ab_business_info": "Korean Publishers Association",
    "ac_website": "",
    "ad": "",
    "ae": "",
    "af_country": "South Korea",
    "ag": "",
    "company_url": "https://10times.com/company/korean-publishers-association"
  },
  {
    "a_date_farmed": "16/07/2024",
    "b_source": "10Times",
    "c_scraped_url": "https://10times.com/e1d1-z4h0-h8rs-s",
    "d": "New Lead",
    "e": "Opportunity",
    "f": "Juan",
    "g": "Juan",
    "h": "Lara",
    "i": "Scraping",
    "j": "EDU Business",
    "k": "EDU Events",
    "l": "",
    "m_date_of_event": "Fri, 27 - Sun, 29 Jun 2025",
    "n_event_name": "ICOI Asia Pacific Congress",
    "o_description": "Followers",
    "p": "",
    "q": "",
    "r": "",
    "s_state_province": "Daegu, South Korea",
    "t": "Vietnam",
    "u": "Southeast Asia",
    "v": "",
    "w": "",
    "x": "",
    "y": "",
    "z": "",
    "aa": "",
    "ab_business_info": "International Congress of Oral Implantologists",
    "ac_website": "",
    "ad": "",
    "ae": "",
    "af_country": "USA",
    "ag": "",
    "company_url": "https://10times.com/company/international-congress-oral-implantologists"
  },
  {
    "a_date_farmed": "16/07/2024",
    "b_source": "10Times",
    "c_scraped_url": "https://10times.com/e1d0-r6gd-0sh4-g",
    "d": "New Lead",
    "e": "Opportunity",
    "f": "Juan",
    "g": "Juan",
    "h": "Lara",
    "i": "Scraping",
    "j": "EDU Business",
    "k": "EDU Events",
    "l": "",
    "m_date_of_event": "Fri, 18 - Sun, 20 Jul 2025",
    "n_event_name": "The EASSSR Annual Conference in Seoul",
    "o_description": "Followers",
    "p": "",
    "q": "",
    "r": "",
    "s_state_province": "Daejin University, \t\t\t\t\t\t\t\t\t\t\tPocheon-si, South KoreaGet Directions",
    "t": "Vietnam",
    "u": "Southeast Asia",
    "v": "",
    "w": "",
    "x": "",
    "y": "",
    "z": "",
    "aa": "",
    "ab_business_info": "",
    "ac_website": "",
    "ad": "",
    "ae": "",
    "af_country": "",
    "ag": "",
    "company_url": ""
  },
  {
    "a_date_farmed": "16/07/2024",
    "b_source": "10Times",
    "c_scraped_url": "https://10times.com/e1dg-psx4-85z1-d",
    "d": "New Lead",
    "e": "Opportunity",
    "f": "Juan",
    "g": "Juan",
    "h": "Lara",
    "i": "Scraping",
    "j": "EDU Business",
    "k": "EDU Events",
    "l": "",
    "m_date_of_event": "Mon, 28 Jul - Fri, 01 Aug 2025",
    "n_event_name": "ICLA Congress - Seoul",
    "o_description": "The event focuses on the convergence of literature and technology, exploring themes such as Korean literature and culture in a comparative context, as well as the literary cultures of Buddhism.",
    "p": "",
    "q": "",
    "r": "",
    "s_state_province": "Dongguk University, Seoul, South KoreaGet Directions",
    "t": "Vietnam",
    "u": "Southeast Asia",
    "v": "",
    "w": "",
    "x": "",
    "y": "",
    "z": "",
    "aa": "",
    "ab_business_info": "",
    "ac_website": "",
    "ad": "",
    "ae": "",
    "af_country": "",
    "ag": "",
    "company_url": ""
  },
  {
    "a_date_farmed": "16/07/2024",
    "b_source": "10Times",
    "c_scraped_url": "",
    "d": "New Lead",
    "e": "Opportunity",
    "f": "Juan",
    "g": "Juan",
    "h": "Lara",
    "i": "Scraping",
    "j": "EDU Business",
    "k": "EDU Events",
    "l": "",
    "m_date_of_event": "",
    "n_event_name": "",
    "o_description": "",
    "p": "",
    "q": "",
    "r": "",
    "s_state_province": "",
    "t": "Vietnam",
    "u": "Southeast Asia",
    "v": "",
    "w": "",
    "x": "",
    "y": "",
    "z": "",
    "aa": "",
    "ab_business_info": "",
    "ac_website": "",
    "ad": "",
    "ae": "",
    "af_country": "",
    "ag": ""
  },
  {
    "a_date_farmed": "16/07/2024",
    "b_source": "10Times",
    "c_scraped_url": "",
    "d": "New Lead",
    "e": "Opportunity",
    "f": "Juan",
    "g": "Juan",
    "h": "Lara",
    "i": "Scraping",
    "j": "EDU Business",
    "k": "EDU Events",
    "l": "",
    "m_date_of_event": "",
    "n_event_name": "",
    "o_description": "",
    "p": "",
    "q": "",
    "r": "",
    "s_state_province": "",
    "t": "Vietnam",
    "u": "Southeast Asia",
    "v": "",
    "w": "",
    "x": "",
    "y": "",
    "z": "",
    "aa": "",
    "ab_business_info": "",
    "ac_website": "",
    "ad": "",
    "ae": "",
    "af_country": "",
    "ag": ""
  }
]