[
  {
    "a_date_farmed": "16/07/2024",
    "b_source": "10Times",
    "c_scraped_url": "https://10times.com/e1zf-r41x-12kf",
    "d": "New Lead",
    "e": "Opportunity",
    "f": "Juan",
    "g": "Juan",
    "h": "Lara",
    "i": "Scraping",
    "j": "EDU Business",
    "k": "EDU Events",
    "l": "",
    "m_date_of_event": "Tue, 14 - Wed, 15 Jan 2025",
    "n_event_name": "Present Professionally",
    "o_description": "Followers",
    "p": "",
    "q": "",
    "r": "",
    "s_state_province": "MCI Management Center Innsbruck, Innsbruck, AustriaGet Directions",
    "t": "Vietnam",
    "u": "Southeast Asia",
    "v": "",
    "w": "",
    "x": "",
    "y": "",
    "z": "",
    "aa": "",
    "ab_business_info": "",
    "ac_website": "",
    "ad": "",
    "ae": "",
    "af_country": "",
    "ag": "",
    "company_url": ""
  },
  {
    "a_date_farmed": "16/07/2024",
    "b_source": "10Times",
    "c_scraped_url": "https://10times.com/spine-innsburk",
    "d": "New Lead",
    "e": "Opportunity",
    "f": "Juan",
    "g": "Juan",
    "h": "Lara",
    "i": "Scraping",
    "j": "EDU Business",
    "k": "EDU Events",
    "l": "",
    "m_date_of_event": "Thu, 16 - Sat, 18 Jan 2025",
    "n_event_name": "Spinal Surgery Forum of the Academy of DWG gGmbH",
    "o_description": "Followers",
    "p": "",
    "q": "",
    "r": "",
    "s_state_province": "Arlbergsaal, \t\t\t\t\t\t\t\t\t\t\tSaint Anton am Arlberg, AustriaGet Directions",
    "t": "Vietnam",
    "u": "Southeast Asia",
    "v": "",
    "w": "",
    "x": "",
    "y": "",
    "z": "",
    "aa": "",
    "ab_business_info": "Conventus Congress Management & Marketing GmbH",
    "ac_website": "",
    "ad": "",
    "ae": "",
    "af_country": "",
    "ag": "",
    "company_url": "https://10times.com/company/ccmmg"
  },
  {
    "a_date_farmed": "16/07/2024",
    "b_source": "10Times",
    "c_scraped_url": "",
    "d": "New Lead",
    "e": "Opportunity",
    "f": "Juan",
    "g": "Juan",
    "h": "Lara",
    "i": "Scraping",
    "j": "EDU Business",
    "k": "EDU Events",
    "l": "",
    "m_date_of_event": "",
    "n_event_name": "",
    "o_description": "",
    "p": "",
    "q": "",
    "r": "",
    "s_state_province": "",
    "t": "Vietnam",
    "u": "Southeast Asia",
    "v": "",
    "w": "",
    "x": "",
    "y": "",
    "z": "",
    "aa": "",
    "ab_business_info": "",
    "ac_website": "",
    "ad": "",
    "ae": "",
    "af_country": "",
    "ag": ""
  },
  {
    "a_date_farmed": "16/07/2024",
    "b_source": "10Times",
    "c_scraped_url": "https://10times.com/education-travel-vienna",
    "d": "New Lead",
    "e": "Opportunity",
    "f": "Juan",
    "g": "Juan",
    "h": "Lara",
    "i": "Scraping",
    "j": "EDU Business",
    "k": "EDU Events",
    "l": "",
    "m_date_of_event": "Sat, 25 Jan 2025",
    "n_event_name": "Youth Education Fair in Vienna (Youth Education & Travel Fair Vienna)",
    "o_description": "",
    "p": "",
    "q": "",
    "r": "",
    "s_state_province": "",
    "t": "Vietnam",
    "u": "Southeast Asia",
    "v": "",
    "w": "",
    "x": "",
    "y": "",
    "z": "",
    "aa": "",
    "ab_business_info": "",
    "ac_website": "",
    "ad": "",
    "ae": "",
    "af_country": "",
    "ag": "",
    "company_url": ""
  },
  {
    "a_date_farmed": "16/07/2024",
    "b_source": "10Times",
    "c_scraped_url": "",
    "d": "New Lead",
    "e": "Opportunity",
    "f": "Juan",
    "g": "Juan",
    "h": "Lara",
    "i": "Scraping",
    "j": "EDU Business",
    "k": "EDU Events",
    "l": "",
    "m_date_of_event": "",
    "n_event_name": "",
    "o_description": "",
    "p": "",
    "q": "",
    "r": "",
    "s_state_province": "",
    "t": "Vietnam",
    "u": "Southeast Asia",
    "v": "",
    "w": "",
    "x": "",
    "y": "",
    "z": "",
    "aa": "",
    "ab_business_info": "",
    "ac_website": "",
    "ad": "",
    "ae": "",
    "af_country": "",
    "ag": ""
  },
  {
    "a_date_farmed": "16/07/2024",
    "b_source": "10Times",
    "c_scraped_url": "https://10times.com/e11x-h1k3-khd7",
    "d": "New Lead",
    "e": "Opportunity",
    "f": "Juan",
    "g": "Juan",
    "h": "Lara",
    "i": "Scraping",
    "j": "EDU Business",
    "k": "EDU Events",
    "l": "",
    "m_date_of_event": "Mon, 20 - Tue, 21 Jan 2025",
    "n_event_name": "HOTCO",
    "o_description": "",
    "p": "",
    "q": "",
    "r": "",
    "s_state_province": "",
    "t": "Vietnam",
    "u": "Southeast Asia",
    "v": "",
    "w": "",
    "x": "",
    "y": "",
    "z": "",
    "aa": "",
    "ab_business_info": "",
    "ac_website": "",
    "ad": "",
    "ae": "",
    "af_country": "",
    "ag": "",
    "company_url": ""
  },
  {
    "a_date_farmed": "16/07/2024",
    "b_source": "10Times",
    "c_scraped_url": "https://10times.com/e1ds-1s3z-4ff4-z",
    "d": "New Lead",
    "e": "Opportunity",
    "f": "Juan",
    "g": "Juan",
    "h": "Lara",
    "i": "Scraping",
    "j": "EDU Business",
    "k": "EDU Events",
    "l": "",
    "m_date_of_event": "Wed, 15 Jan 2025",
    "n_event_name": "Anka Steffen (Vienna)",
    "o_description": "",
    "p": "",
    "q": "",
    "r": "",
    "s_state_province": "",
    "t": "Vietnam",
    "u": "Southeast Asia",
    "v": "",
    "w": "",
    "x": "",
    "y": "",
    "z": "",
    "aa": "",
    "ab_business_info": "",
    "ac_website": "",
    "ad": "",
    "ae": "",
    "af_country": "",
    "ag": "",
    "company_url": ""
  },
  {
    "a_date_farmed": "16/07/2024",
    "b_source": "10Times",
    "c_scraped_url": "https://10times.com/e1d3-g4f3-d4gp-x",
    "d": "New Lead",
    "e": "Opportunity",
    "f": "Juan",
    "g": "Juan",
    "h": "Lara",
    "i": "Scraping",
    "j": "EDU Business",
    "k": "EDU Events",
    "l": "",
    "m_date_of_event": "Mon, 17 - Fri, 21 Feb 2025",
    "n_event_name": "International Conference on 'The Role of Higher Education in Peacebuilding'",
    "o_description": "",
    "p": "",
    "q": "",
    "r": "",
    "s_state_province": "",
    "t": "Vietnam",
    "u": "Southeast Asia",
    "v": "",
    "w": "",
    "x": "",
    "y": "",
    "z": "",
    "aa": "",
    "ab_business_info": "",
    "ac_website": "",
    "ad": "",
    "ae": "",
    "af_country": "",
    "ag": "",
    "company_url": ""
  },
  {
    "a_date_farmed": "16/07/2024",
    "b_source": "10Times",
    "c_scraped_url": "https://10times.com/agile-project-management-seminar-innsbruck",
    "d": "New Lead",
    "e": "Opportunity",
    "f": "Juan",
    "g": "Juan",
    "h": "Lara",
    "i": "Scraping",
    "j": "EDU Business",
    "k": "EDU Events",
    "l": "",
    "m_date_of_event": "Thu, 30 Jan 2025",
    "n_event_name": "Agile Project Management Seminar",
    "o_description": "",
    "p": "",
    "q": "",
    "r": "",
    "s_state_province": "",
    "t": "Vietnam",
    "u": "Southeast Asia",
    "v": "",
    "w": "",
    "x": "",
    "y": "",
    "z": "",
    "aa": "",
    "ab_business_info": "",
    "ac_website": "",
    "ad": "",
    "ae": "",
    "af_country": "",
    "ag": "",
    "company_url": ""
  },
  {
    "a_date_farmed": "16/07/2024",
    "b_source": "10Times",
    "c_scraped_url": "https://10times.com/mathematical-modelling",
    "d": "New Lead",
    "e": "Opportunity",
    "f": "Juan",
    "g": "Juan",
    "h": "Lara",
    "i": "Scraping",
    "j": "EDU Business",
    "k": "EDU Events",
    "l": "",
    "m_date_of_event": "Wed, 19 - Fri, 21 Feb 2025",
    "n_event_name": "International Conference on Mathematical Modelling (MATHMOD)",
    "o_description": "",
    "p": "",
    "q": "",
    "r": "",
    "s_state_province": "",
    "t": "Vietnam",
    "u": "Southeast Asia",
    "v": "",
    "w": "",
    "x": "",
    "y": "",
    "z": "",
    "aa": "",
    "ab_business_info": "",
    "ac_website": "",
    "ad": "",
    "ae": "",
    "af_country": "",
    "ag": "",
    "company_url": ""
  },
  {
    "a_date_farmed": "16/07/2024",
    "b_source": "10Times",
    "c_scraped_url": "https://10times.com/e1ss-fkr1-61k6",
    "d": "New Lead",
    "e": "Opportunity",
    "f": "Juan",
    "g": "Juan",
    "h": "Lara",
    "i": "Scraping",
    "j": "EDU Business",
    "k": "EDU Events",
    "l": "",
    "m_date_of_event": "Fri, 07 - Sat, 08 Feb 2025",
    "n_event_name": "Sales Psychology",
    "o_description": "",
    "p": "",
    "q": "",
    "r": "",
    "s_state_province": "",
    "t": "Vietnam",
    "u": "Southeast Asia",
    "v": "",
    "w": "",
    "x": "",
    "y": "",
    "z": "",
    "aa": "",
    "ab_business_info": "",
    "ac_website": "",
    "ad": "",
    "ae": "",
    "af_country": "",
    "ag": "",
    "company_url": ""
  },
  {
    "a_date_farmed": "16/07/2024",
    "b_source": "10Times",
    "c_scraped_url": "https://10times.com/vci",
    "d": "New Lead",
    "e": "Opportunity",
    "f": "Juan",
    "g": "Juan",
    "h": "Lara",
    "i": "Scraping",
    "j": "EDU Business",
    "k": "EDU Events",
    "l": "",
    "m_date_of_event": "Mon, 17 - Fri, 21 Feb 2025",
    "n_event_name": "Vienna Conference on Instrumentation (VCI)",
    "o_description": "",
    "p": "",
    "q": "",
    "r": "",
    "s_state_province": "",
    "t": "Vietnam",
    "u": "Southeast Asia",
    "v": "",
    "w": "",
    "x": "",
    "y": "",
    "z": "",
    "aa": "",
    "ab_business_info": "",
    "ac_website": "",
    "ad": "",
    "ae": "",
    "af_country": "",
    "ag": "",
    "company_url": ""
  },
  {
    "a_date_farmed": "16/07/2024",
    "b_source": "10Times",
    "c_scraped_url": "https://10times.com/fiw-research-conference",
    "d": "New Lead",
    "e": "Opportunity",
    "f": "Juan",
    "g": "Juan",
    "h": "Lara",
    "i": "Scraping",
    "j": "EDU Business",
    "k": "EDU Events",
    "l": "",
    "m_date_of_event": "Thu, 20 - Fri, 21 Feb 2025",
    "n_event_name": "FIW Research Conference on International Economics",
    "o_description": "",
    "p": "",
    "q": "",
    "r": "",
    "s_state_province": "",
    "t": "Vietnam",
    "u": "Southeast Asia",
    "v": "",
    "w": "",
    "x": "",
    "y": "",
    "z": "",
    "aa": "",
    "ab_business_info": "",
    "ac_website": "",
    "ad": "",
    "ae": "",
    "af_country": "",
    "ag": "",
    "company_url": ""
  },
  {
    "a_date_farmed": "16/07/2024",
    "b_source": "10Times",
    "c_scraped_url": "https://10times.com/command-communications-seminar",
    "d": "New Lead",
    "e": "Opportunity",
    "f": "Juan",
    "g": "Juan",
    "h": "Lara",
    "i": "Scraping",
    "j": "EDU Business",
    "k": "EDU Events",
    "l": "",
    "m_date_of_event": "Tue, 25 - Wed, 26 Feb 2025",
    "n_event_name": "Leadership Communications",
    "o_description": "",
    "p": "",
    "q": "",
    "r": "",
    "s_state_province": "",
    "t": "Vietnam",
    "u": "Southeast Asia",
    "v": "",
    "w": "",
    "x": "",
    "y": "",
    "z": "",
    "aa": "",
    "ab_business_info": "",
    "ac_website": "",
    "ad": "",
    "ae": "",
    "af_country": "",
    "ag": "",
    "company_url": ""
  },
  {
    "a_date_farmed": "16/07/2024",
    "b_source": "10Times",
    "c_scraped_url": "https://10times.com/e1ds-g46d-gz39-z",
    "d": "New Lead",
    "e": "Opportunity",
    "f": "Juan",
    "g": "Juan",
    "h": "Lara",
    "i": "Scraping",
    "j": "EDU Business",
    "k": "EDU Events",
    "l": "",
    "m_date_of_event": "Thu, 27 - Fri, 28 Feb 2025",
    "n_event_name": "Annual Women in Leadership Global Hybrid Summit | Vienna, Austria",
    "o_description": "",
    "p": "",
    "q": "",
    "r": "",
    "s_state_province": "",
    "t": "Vietnam",
    "u": "Southeast Asia",
    "v": "",
    "w": "",
    "x": "",
    "y": "",
    "z": "",
    "aa": "",
    "ab_business_info": "",
    "ac_website": "",
    "ad": "",
    "ae": "",
    "af_country": "",
    "ag": "",
    "company_url": ""
  },
  {
    "a_date_farmed": "16/07/2024",
    "b_source": "10Times",
    "c_scraped_url": "",
    "d": "New Lead",
    "e": "Opportunity",
    "f": "Juan",
    "g": "Juan",
    "h": "Lara",
    "i": "Scraping",
    "j": "EDU Business",
    "k": "EDU Events",
    "l": "",
    "m_date_of_event": "",
    "n_event_name": "",
    "o_description": "",
    "p": "",
    "q": "",
    "r": "",
    "s_state_province": "",
    "t": "Vietnam",
    "u": "Southeast Asia",
    "v": "",
    "w": "",
    "x": "",
    "y": "",
    "z": "",
    "aa": "",
    "ab_business_info": "",
    "ac_website": "",
    "ad": "",
    "ae": "",
    "af_country": "",
    "ag": ""
  },
  {
    "a_date_farmed": "16/07/2024",
    "b_source": "10Times",
    "c_scraped_url": "https://10times.com/e1d0-h3f5-z0gk-x",
    "d": "New Lead",
    "e": "Opportunity",
    "f": "Juan",
    "g": "Juan",
    "h": "Lara",
    "i": "Scraping",
    "j": "EDU Business",
    "k": "EDU Events",
    "l": "",
    "m_date_of_event": "Mon, 03 - Fri, 07 Mar 2025",
    "n_event_name": "International Training Course on Insider Threats Using the Shapash 3D Model",
    "o_description": "Followers",
    "p": "",
    "q": "",
    "r": "",
    "s_state_province": "Vienna, Austria",
    "t": "Vietnam",
    "u": "Southeast Asia",
    "v": "",
    "w": "",
    "x": "",
    "y": "",
    "z": "",
    "aa": "",
    "ab_business_info": "International Atomic Energy Agency",
    "ac_website": "",
    "ad": "",
    "ae": "",
    "af_country": "",
    "ag": "",
    "company_url": "https://10times.com/company/international-atomic-energy-agency"
  },
  {
    "a_date_farmed": "16/07/2024",
    "b_source": "10Times",
    "c_scraped_url": "https://10times.com/e1r3-5r5x-5hxz",
    "d": "New Lead",
    "e": "Opportunity",
    "f": "Juan",
    "g": "Juan",
    "h": "Lara",
    "i": "Scraping",
    "j": "EDU Business",
    "k": "EDU Events",
    "l": "",
    "m_date_of_event": "Wed, 19 - Fri, 21 Feb 2025",
    "n_event_name": "WU Global Transfer Pricing Conference",
    "o_description": "",
    "p": "",
    "q": "",
    "r": "",
    "s_state_province": "",
    "t": "Vietnam",
    "u": "Southeast Asia",
    "v": "",
    "w": "",
    "x": "",
    "y": "",
    "z": "",
    "aa": "",
    "ab_business_info": "",
    "ac_website": "",
    "ad": "",
    "ae": "",
    "af_country": "",
    "ag": "",
    "company_url": ""
  },
  {
    "a_date_farmed": "16/07/2024",
    "b_source": "10Times",
    "c_scraped_url": "https://10times.com/e1z4-x0f5-g9rg",
    "d": "New Lead",
    "e": "Opportunity",
    "f": "Juan",
    "g": "Juan",
    "h": "Lara",
    "i": "Scraping",
    "j": "EDU Business",
    "k": "EDU Events",
    "l": "",
    "m_date_of_event": "Tue, 15 - Wed, 16 Apr 2025",
    "n_event_name": "Vienna Legal Tech",
    "o_description": "",
    "p": "",
    "q": "",
    "r": "",
    "s_state_province": "Vienna",
    "t": "Vietnam",
    "u": "Southeast Asia",
    "v": "",
    "w": "",
    "x": "",
    "y": "",
    "z": "",
    "aa": "",
    "ab_business_info": "",
    "ac_website": "",
    "ad": "",
    "ae": "",
    "af_country": "",
    "ag": ""
  },
  {
    "a_date_farmed": "16/07/2024",
    "b_source": "10Times",
    "c_scraped_url": "https://10times.com/e1r2-454d-skgh",
    "d": "New Lead",
    "e": "Opportunity",
    "f": "Juan",
    "g": "Juan",
    "h": "Lara",
    "i": "Scraping",
    "j": "EDU Business",
    "k": "EDU Events",
    "l": "",
    "m_date_of_event": "Sat, 01 Feb 2025",
    "n_event_name": "Austrian PostgreSQL Conference",
    "o_description": "PGDay Austria is a conference for PostgreSQL enthusiasts and IT professionals. Join us for talks on the latest developments in the PostgreSQL scene, network with like-minded individuals, and explore products and services from exhibitors. Ensure your health and safety with our flexible prevention concept.",
    "p": "",
    "q": "",
    "r": "",
    "s_state_province": "Schoenbrunn Palace Concerts, Vienna, AustriaGet Directions",
    "t": "Vietnam",
    "u": "Southeast Asia",
    "v": "",
    "w": "",
    "x": "",
    "y": "",
    "z": "",
    "aa": "",
    "ab_business_info": "",
    "ac_website": "",
    "ad": "",
    "ae": "",
    "af_country": "",
    "ag": "",
    "company_url": ""
  },
  {
    "a_date_farmed": "16/07/2024",
    "b_source": "10Times",
    "c_scraped_url": "https://10times.com/e1xd-s04s-g13g",
    "d": "New Lead",
    "e": "Opportunity",
    "f": "Juan",
    "g": "Juan",
    "h": "Lara",
    "i": "Scraping",
    "j": "EDU Business",
    "k": "EDU Events",
    "l": "",
    "m_date_of_event": "Tue, 25 Mar 2025",
    "n_event_name": "EAG - The Green Electricity Support System",
    "o_description": "",
    "p": "",
    "q": "",
    "r": "",
    "s_state_province": "",
    "t": "Vietnam",
    "u": "Southeast Asia",
    "v": "",
    "w": "",
    "x": "",
    "y": "",
    "z": "",
    "aa": "",
    "ab_business_info": "",
    "ac_website": "",
    "ad": "",
    "ae": "",
    "af_country": "",
    "ag": "",
    "company_url": ""
  },
  {
    "a_date_farmed": "16/07/2024",
    "b_source": "10Times",
    "c_scraped_url": "https://10times.com/e1kp-41s2-4srx",
    "d": "New Lead",
    "e": "Opportunity",
    "f": "Juan",
    "g": "Juan",
    "h": "Lara",
    "i": "Scraping",
    "j": "EDU Business",
    "k": "EDU Events",
    "l": "",
    "m_date_of_event": "Fri, 07 - Sun, 09 Mar 2025",
    "n_event_name": "International Conference on Future of Teaching and Education",
    "o_description": "Join professionals at the 9th International teaching and learning conference 2025 for academic discussions, idea exchange, paper presentations, and networking opportunities. Enjoy a free guided tour of Vienna while focusing on various topics in learning, teaching, and education.",
    "p": "",
    "q": "",
    "r": "",
    "s_state_province": "ARCOTEL Wimberger Wien, Vienna, AustriaGet Directions",
    "t": "Vietnam",
    "u": "Southeast Asia",
    "v": "",
    "w": "",
    "x": "",
    "y": "",
    "z": "",
    "aa": "",
    "ab_business_info": "Universiti Putra Malaysia",
    "ac_website": "",
    "ad": "",
    "ae": "",
    "af_country": "",
    "ag": "",
    "company_url": "https://10times.com/company/universiti-putra-malaysia-faculty-of-educational-studies"
  },
  {
    "a_date_farmed": "16/07/2024",
    "b_source": "10Times",
    "c_scraped_url": "https://10times.com/e100-dhzr-4hxh-4",
    "d": "New Lead",
    "e": "Opportunity",
    "f": "Juan",
    "g": "Juan",
    "h": "Lara",
    "i": "Scraping",
    "j": "EDU Business",
    "k": "EDU Events",
    "l": "",
    "m_date_of_event": "Mon, 17 - Wed, 19 Mar 2025",
    "n_event_name": "IMISCOE Spring Conference",
    "o_description": "2025 IMISCOE Spring Conference on The Regularity of Irregularity explores migrant irregularity, including migration processes, integration, governance, and knowledge production. Submissions from different disciplines and methodological approaches welcome.",
    "p": "",
    "q": "",
    "r": "",
    "s_state_province": "Danube University Krems, \t\t\t\t\t\t\t\t\t\t\tKrems an der Donau, AustriaGet Directions",
    "t": "Vietnam",
    "u": "Southeast Asia",
    "v": "",
    "w": "",
    "x": "",
    "y": "",
    "z": "",
    "aa": "",
    "ab_business_info": "IMISCOE Network",
    "ac_website": "",
    "ad": "",
    "ae": "",
    "af_country": "Netherlands",
    "ag": "",
    "company_url": "https://10times.com/company/imiscoe-research-network"
  },
  {
    "a_date_farmed": "16/07/2024",
    "b_source": "10Times",
    "c_scraped_url": "https://10times.com/e112-zzxk-2gd1",
    "d": "New Lead",
    "e": "Opportunity",
    "f": "Juan",
    "g": "Juan",
    "h": "Lara",
    "i": "Scraping",
    "j": "EDU Business",
    "k": "EDU Events",
    "l": "",
    "m_date_of_event": "Wed, 12 Mar 2025",
    "n_event_name": "PMEX",
    "o_description": "Followers",
    "p": "",
    "q": "",
    "r": "",
    "s_state_province": "META Stadt, Vienna, AustriaGet Directions",
    "t": "Vietnam",
    "u": "Southeast Asia",
    "v": "",
    "w": "",
    "x": "",
    "y": "",
    "z": "",
    "aa": "",
    "ab_business_info": "",
    "ac_website": "",
    "ad": "",
    "ae": "",
    "af_country": "",
    "ag": "",
    "company_url": ""
  },
  {
    "a_date_farmed": "16/07/2024",
    "b_source": "10Times",
    "c_scraped_url": "",
    "d": "New Lead",
    "e": "Opportunity",
    "f": "Juan",
    "g": "Juan",
    "h": "Lara",
    "i": "Scraping",
    "j": "EDU Business",
    "k": "EDU Events",
    "l": "",
    "m_date_of_event": "",
    "n_event_name": "",
    "o_description": "",
    "p": "",
    "q": "",
    "r": "",
    "s_state_province": "",
    "t": "Vietnam",
    "u": "Southeast Asia",
    "v": "",
    "w": "",
    "x": "",
    "y": "",
    "z": "",
    "aa": "",
    "ab_business_info": "",
    "ac_website": "",
    "ad": "",
    "ae": "",
    "af_country": "",
    "ag": ""
  },
  {
    "a_date_farmed": "16/07/2024",
    "b_source": "10Times",
    "c_scraped_url": "https://10times.com/social-sciences-and-humanities",
    "d": "New Lead",
    "e": "Opportunity",
    "f": "Juan",
    "g": "Juan",
    "h": "Lara",
    "i": "Scraping",
    "j": "EDU Business",
    "k": "EDU Events",
    "l": "",
    "m_date_of_event": "Tue, 25 - Wed, 26 Mar 2025",
    "n_event_name": "International Conference on Social Science and Humanities (ICSSH)",
    "o_description": "",
    "p": "",
    "q": "",
    "r": "",
    "s_state_province": "",
    "t": "Vietnam",
    "u": "Southeast Asia",
    "v": "",
    "w": "",
    "x": "",
    "y": "",
    "z": "",
    "aa": "",
    "ab_business_info": "",
    "ac_website": "",
    "ad": "",
    "ae": "",
    "af_country": "",
    "ag": "",
    "company_url": ""
  },
  {
    "a_date_farmed": "16/07/2024",
    "b_source": "10Times",
    "c_scraped_url": "",
    "d": "New Lead",
    "e": "Opportunity",
    "f": "Juan",
    "g": "Juan",
    "h": "Lara",
    "i": "Scraping",
    "j": "EDU Business",
    "k": "EDU Events",
    "l": "",
    "m_date_of_event": "",
    "n_event_name": "",
    "o_description": "",
    "p": "",
    "q": "",
    "r": "",
    "s_state_province": "",
    "t": "Vietnam",
    "u": "Southeast Asia",
    "v": "",
    "w": "",
    "x": "",
    "y": "",
    "z": "",
    "aa": "",
    "ab_business_info": "",
    "ac_website": "",
    "ad": "",
    "ae": "",
    "af_country": "",
    "ag": ""
  },
  {
    "a_date_farmed": "16/07/2024",
    "b_source": "10Times",
    "c_scraped_url": "https://10times.com/mycotoxin-forum",
    "d": "New Lead",
    "e": "Opportunity",
    "f": "Juan",
    "g": "Juan",
    "h": "Lara",
    "i": "Scraping",
    "j": "EDU Business",
    "k": "EDU Events",
    "l": "",
    "m_date_of_event": "Mon, 07 - Wed, 09 Apr 2025",
    "n_event_name": "World Mycotoxin Forum",
    "o_description": "",
    "p": "",
    "q": "",
    "r": "",
    "s_state_province": "",
    "t": "Vietnam",
    "u": "Southeast Asia",
    "v": "",
    "w": "",
    "x": "",
    "y": "",
    "z": "",
    "aa": "",
    "ab_business_info": "",
    "ac_website": "",
    "ad": "",
    "ae": "",
    "af_country": "",
    "ag": "",
    "company_url": ""
  },
  {
    "a_date_farmed": "16/07/2024",
    "b_source": "10Times",
    "c_scraped_url": "",
    "d": "New Lead",
    "e": "Opportunity",
    "f": "Juan",
    "g": "Juan",
    "h": "Lara",
    "i": "Scraping",
    "j": "EDU Business",
    "k": "EDU Events",
    "l": "",
    "m_date_of_event": "",
    "n_event_name": "",
    "o_description": "",
    "p": "",
    "q": "",
    "r": "",
    "s_state_province": "",
    "t": "Vietnam",
    "u": "Southeast Asia",
    "v": "",
    "w": "",
    "x": "",
    "y": "",
    "z": "",
    "aa": "",
    "ab_business_info": "",
    "ac_website": "",
    "ad": "",
    "ae": "",
    "af_country": "",
    "ag": ""
  },
  {
    "a_date_farmed": "16/07/2024",
    "b_source": "10Times",
    "c_scraped_url": "https://10times.com/teconomy-yh",
    "d": "New Lead",
    "e": "Opportunity",
    "f": "Juan",
    "g": "Juan",
    "h": "Lara",
    "i": "Scraping",
    "j": "EDU Business",
    "k": "EDU Events",
    "l": "",
    "m_date_of_event": "Thu, 06 Mar 2025",
    "n_event_name": "Teconomy Leoben",
    "o_description": "",
    "p": "",
    "q": "",
    "r": "",
    "s_state_province": "",
    "t": "Vietnam",
    "u": "Southeast Asia",
    "v": "",
    "w": "",
    "x": "",
    "y": "",
    "z": "",
    "aa": "",
    "ab_business_info": "",
    "ac_website": "",
    "ad": "",
    "ae": "",
    "af_country": "",
    "ag": "",
    "company_url": ""
  },
  {
    "a_date_farmed": "16/07/2024",
    "b_source": "10Times",
    "c_scraped_url": "https://10times.com/iwepnm",
    "d": "New Lead",
    "e": "Opportunity",
    "f": "Juan",
    "g": "Juan",
    "h": "Lara",
    "i": "Scraping",
    "j": "EDU Business",
    "k": "EDU Events",
    "l": "",
    "m_date_of_event": "Sat, 08 - Fri, 14 Mar 2025",
    "n_event_name": "International Winterschool on Electronic Properties of Novel Materials (IWEPNM)",
    "o_description": "",
    "p": "",
    "q": "",
    "r": "",
    "s_state_province": "",
    "t": "Vietnam",
    "u": "Southeast Asia",
    "v": "",
    "w": "",
    "x": "",
    "y": "",
    "z": "",
    "aa": "",
    "ab_business_info": "",
    "ac_website": "",
    "ad": "",
    "ae": "",
    "af_country": "",
    "ag": "",
    "company_url": ""
  },
  {
    "a_date_farmed": "16/07/2024",
    "b_source": "10Times",
    "c_scraped_url": "https://10times.com/e1k0-60d6-gpds",
    "d": "New Lead",
    "e": "Opportunity",
    "f": "Juan",
    "g": "Juan",
    "h": "Lara",
    "i": "Scraping",
    "j": "EDU Business",
    "k": "EDU Events",
    "l": "",
    "m_date_of_event": "Thu, 13 Mar 2025",
    "n_event_name": "GC Summit Austria",
    "o_description": "",
    "p": "",
    "q": "",
    "r": "",
    "s_state_province": "",
    "t": "Vietnam",
    "u": "Southeast Asia",
    "v": "",
    "w": "",
    "x": "",
    "y": "",
    "z": "",
    "aa": "",
    "ab_business_info": "",
    "ac_website": "",
    "ad": "",
    "ae": "",
    "af_country": "",
    "ag": "",
    "company_url": ""
  },
  {
    "a_date_farmed": "16/07/2024",
    "b_source": "10Times",
    "c_scraped_url": "https://10times.com/communication-management-communication-strategy",
    "d": "New Lead",
    "e": "Opportunity",
    "f": "Juan",
    "g": "Juan",
    "h": "Lara",
    "i": "Scraping",
    "j": "EDU Business",
    "k": "EDU Events",
    "l": "",
    "m_date_of_event": "Mon, 05 - Tue, 06 May 2025",
    "n_event_name": "Communication Management Communication Strategy",
    "o_description": "",
    "p": "",
    "q": "",
    "r": "",
    "s_state_province": "",
    "t": "Vietnam",
    "u": "Southeast Asia",
    "v": "",
    "w": "",
    "x": "",
    "y": "",
    "z": "",
    "aa": "",
    "ab_business_info": "",
    "ac_website": "",
    "ad": "",
    "ae": "",
    "af_country": "",
    "ag": "",
    "company_url": ""
  },
  {
    "a_date_farmed": "16/07/2024",
    "b_source": "10Times",
    "c_scraped_url": "https://10times.com/icemss-vienna",
    "d": "New Lead",
    "e": "Opportunity",
    "f": "Juan",
    "g": "Juan",
    "h": "Lara",
    "i": "Scraping",
    "j": "EDU Business",
    "k": "EDU Events",
    "l": "",
    "m_date_of_event": "Sun, 25 - Mon, 26 May 2025",
    "n_event_name": "International Conference on Economics, Management and Social Study (ICEMSS)",
    "o_description": "",
    "p": "",
    "q": "",
    "r": "",
    "s_state_province": "",
    "t": "Vietnam",
    "u": "Southeast Asia",
    "v": "",
    "w": "",
    "x": "",
    "y": "",
    "z": "",
    "aa": "",
    "ab_business_info": "",
    "ac_website": "",
    "ad": "",
    "ae": "",
    "af_country": "",
    "ag": "",
    "company_url": ""
  },
  {
    "a_date_farmed": "16/07/2024",
    "b_source": "10Times",
    "c_scraped_url": "https://10times.com/e1dp-0k0z-zz0r-4",
    "d": "New Lead",
    "e": "Opportunity",
    "f": "Juan",
    "g": "Juan",
    "h": "Lara",
    "i": "Scraping",
    "j": "EDU Business",
    "k": "EDU Events",
    "l": "",
    "m_date_of_event": "Mon, 24 - Fri, 28 Feb 2025",
    "n_event_name": "Leadership Development",
    "o_description": "",
    "p": "",
    "q": "",
    "r": "",
    "s_state_province": "",
    "t": "Vietnam",
    "u": "Southeast Asia",
    "v": "",
    "w": "",
    "x": "",
    "y": "",
    "z": "",
    "aa": "",
    "ab_business_info": "",
    "ac_website": "",
    "ad": "",
    "ae": "",
    "af_country": "",
    "ag": "",
    "company_url": ""
  },
  {
    "a_date_farmed": "16/07/2024",
    "b_source": "10Times",
    "c_scraped_url": "https://10times.com/e1d4-s9h3-8xkf-d",
    "d": "New Lead",
    "e": "Opportunity",
    "f": "Juan",
    "g": "Juan",
    "h": "Lara",
    "i": "Scraping",
    "j": "EDU Business",
    "k": "EDU Events",
    "l": "",
    "m_date_of_event": "Mon, 24 - Fri, 28 Feb 2025",
    "n_event_name": "Negotiating & Dispute Resolutions",
    "o_description": "Followers",
    "p": "",
    "q": "",
    "r": "",
    "s_state_province": "Vienna, Austria",
    "t": "Vietnam",
    "u": "Southeast Asia",
    "v": "",
    "w": "",
    "x": "",
    "y": "",
    "z": "",
    "aa": "",
    "ab_business_info": "Oxford Management Centre",
    "ac_website": "",
    "ad": "",
    "ae": "",
    "af_country": "USA",
    "ag": "",
    "company_url": "https://10times.com/company/oxford-management-centre-united-states-of-america"
  },
  {
    "a_date_farmed": "16/07/2024",
    "b_source": "10Times",
    "c_scraped_url": "https://10times.com/e1ds-r55z-s2d7-k",
    "d": "New Lead",
    "e": "Opportunity",
    "f": "Juan",
    "g": "Juan",
    "h": "Lara",
    "i": "Scraping",
    "j": "EDU Business",
    "k": "EDU Events",
    "l": "",
    "m_date_of_event": "Mon, 03 - Tue, 04 Mar 2025",
    "n_event_name": "International Congress on Controversies in Fibromyalgia",
    "o_description": "Followers",
    "p": "",
    "q": "",
    "r": "",
    "s_state_province": "Vienna, Austria",
    "t": "Vietnam",
    "u": "Southeast Asia",
    "v": "",
    "w": "",
    "x": "",
    "y": "",
    "z": "",
    "aa": "",
    "ab_business_info": "",
    "ac_website": "",
    "ad": "",
    "ae": "",
    "af_country": "",
    "ag": "",
    "company_url": ""
  },
  {
    "a_date_farmed": "16/07/2024",
    "b_source": "10Times",
    "c_scraped_url": "https://10times.com/e1k5-9p0p-d5pp",
    "d": "New Lead",
    "e": "Opportunity",
    "f": "Juan",
    "g": "Juan",
    "h": "Lara",
    "i": "Scraping",
    "j": "EDU Business",
    "k": "EDU Events",
    "l": "",
    "m_date_of_event": "Mon, 17 - Wed, 19 Mar 2025",
    "n_event_name": "Hackathon Vienna",
    "o_description": "Followers",
    "p": "",
    "q": "",
    "r": "",
    "s_state_province": "A1 Telekom Austria Group, \t\t\t\t\t\t\t\t\t\t\tVienna, AustriaGet Directions",
    "t": "Vietnam",
    "u": "Southeast Asia",
    "v": "",
    "w": "",
    "x": "",
    "y": "",
    "z": "",
    "aa": "",
    "ab_business_info": "",
    "ac_website": "",
    "ad": "",
    "ae": "",
    "af_country": "",
    "ag": "",
    "company_url": ""
  },
  {
    "a_date_farmed": "16/07/2024",
    "b_source": "10Times",
    "c_scraped_url": "https://10times.com/meet-match",
    "d": "New Lead",
    "e": "Opportunity",
    "f": "Juan",
    "g": "Juan",
    "h": "Lara",
    "i": "Scraping",
    "j": "EDU Business",
    "k": "EDU Events",
    "l": "",
    "m_date_of_event": "Thu, 15 May 2025",
    "n_event_name": "Meet & Match",
    "o_description": "Career fair for work & studies, Meet & Match is a cross-sector fair connecting students with over 100 companies. It offers personal discussions, application photo shoots, and CV checks.",
    "p": "",
    "q": "",
    "r": "",
    "s_state_province": "Carinthia University of Applied Sciences - Villach, \t\t\t\t\t\t\t\t\t\t\tVillach, AustriaGet Directions",
    "t": "Vietnam",
    "u": "Southeast Asia",
    "v": "",
    "w": "",
    "x": "",
    "y": "",
    "z": "",
    "aa": "",
    "ab_business_info": "",
    "ac_website": "",
    "ad": "",
    "ae": "",
    "af_country": "",
    "ag": "",
    "company_url": ""
  },
  {
    "a_date_farmed": "16/07/2024",
    "b_source": "10Times",
    "c_scraped_url": "",
    "d": "New Lead",
    "e": "Opportunity",
    "f": "Juan",
    "g": "Juan",
    "h": "Lara",
    "i": "Scraping",
    "j": "EDU Business",
    "k": "EDU Events",
    "l": "",
    "m_date_of_event": "",
    "n_event_name": "",
    "o_description": "",
    "p": "",
    "q": "",
    "r": "",
    "s_state_province": "",
    "t": "Vietnam",
    "u": "Southeast Asia",
    "v": "",
    "w": "",
    "x": "",
    "y": "",
    "z": "",
    "aa": "",
    "ab_business_info": "",
    "ac_website": "",
    "ad": "",
    "ae": "",
    "af_country": "",
    "ag": ""
  },
  {
    "a_date_farmed": "16/07/2024",
    "b_source": "10Times",
    "c_scraped_url": "https://10times.com/dornbirnaustria",
    "d": "New Lead",
    "e": "Opportunity",
    "f": "Juan",
    "g": "Juan",
    "h": "Lara",
    "i": "Scraping",
    "j": "EDU Business",
    "k": "EDU Events",
    "l": "",
    "m_date_of_event": "Fri, 14 Mar 2025",
    "n_event_name": "Job Fair",
    "o_description": "",
    "p": "",
    "q": "",
    "r": "",
    "s_state_province": "",
    "t": "Vietnam",
    "u": "Southeast Asia",
    "v": "",
    "w": "",
    "x": "",
    "y": "",
    "z": "",
    "aa": "",
    "ab_business_info": "",
    "ac_website": "",
    "ad": "",
    "ae": "",
    "af_country": "",
    "ag": "",
    "company_url": ""
  },
  {
    "a_date_farmed": "16/07/2024",
    "b_source": "10Times",
    "c_scraped_url": "https://10times.com/skinnovation-innsbruck",
    "d": "New Lead",
    "e": "Opportunity",
    "f": "Juan",
    "g": "Juan",
    "h": "Lara",
    "i": "Scraping",
    "j": "EDU Business",
    "k": "EDU Events",
    "l": "",
    "m_date_of_event": "Wed, 26 - Fri, 28 Mar 2025",
    "n_event_name": "Skinnovation",
    "o_description": "",
    "p": "",
    "q": "",
    "r": "",
    "s_state_province": "",
    "t": "Vietnam",
    "u": "Southeast Asia",
    "v": "",
    "w": "",
    "x": "",
    "y": "",
    "z": "",
    "aa": "",
    "ab_business_info": "",
    "ac_website": "",
    "ad": "",
    "ae": "",
    "af_country": "",
    "ag": "",
    "company_url": ""
  },
  {
    "a_date_farmed": "16/07/2024",
    "b_source": "10Times",
    "c_scraped_url": "https://10times.com/e1d5-s3r5-d7rx-f",
    "d": "New Lead",
    "e": "Opportunity",
    "f": "Juan",
    "g": "Juan",
    "h": "Lara",
    "i": "Scraping",
    "j": "EDU Business",
    "k": "EDU Events",
    "l": "",
    "m_date_of_event": "Tue, 20 - Wed, 21 May 2025",
    "n_event_name": "European Sales Competition",
    "o_description": "",
    "p": "",
    "q": "",
    "r": "",
    "s_state_province": "",
    "t": "Vietnam",
    "u": "Southeast Asia",
    "v": "",
    "w": "",
    "x": "",
    "y": "",
    "z": "",
    "aa": "",
    "ab_business_info": "",
    "ac_website": "",
    "ad": "",
    "ae": "",
    "af_country": "",
    "ag": "",
    "company_url": ""
  },
  {
    "a_date_farmed": "16/07/2024",
    "b_source": "10Times",
    "c_scraped_url": "https://10times.com/e1d4-d4r5-rd1k-k",
    "d": "New Lead",
    "e": "Opportunity",
    "f": "Juan",
    "g": "Juan",
    "h": "Lara",
    "i": "Scraping",
    "j": "EDU Business",
    "k": "EDU Events",
    "l": "",
    "m_date_of_event": "Wed, 03 - Fri, 05 Sep 2025",
    "n_event_name": "Arabic Linguistics Forum",
    "o_description": "",
    "p": "",
    "q": "",
    "r": "",
    "s_state_province": "",
    "t": "Vietnam",
    "u": "Southeast Asia",
    "v": "",
    "w": "",
    "x": "",
    "y": "",
    "z": "",
    "aa": "",
    "ab_business_info": "",
    "ac_website": "",
    "ad": "",
    "ae": "",
    "af_country": "",
    "ag": "",
    "company_url": ""
  },
  {
    "a_date_farmed": "16/07/2024",
    "b_source": "10Times",
    "c_scraped_url": "https://10times.com/e1xh-gks5-5k22",
    "d": "New Lead",
    "e": "Opportunity",
    "f": "Juan",
    "g": "Juan",
    "h": "Lara",
    "i": "Scraping",
    "j": "EDU Business",
    "k": "EDU Events",
    "l": "",
    "m_date_of_event": "Mon, 14 - Fri, 18 Jul 2025",
    "n_event_name": "Emotional Intelligence for Workplace Success",
    "o_description": "",
    "p": "",
    "q": "",
    "r": "",
    "s_state_province": "",
    "t": "Vietnam",
    "u": "Southeast Asia",
    "v": "",
    "w": "",
    "x": "",
    "y": "",
    "z": "",
    "aa": "",
    "ab_business_info": "",
    "ac_website": "",
    "ad": "",
    "ae": "",
    "af_country": "",
    "ag": "",
    "company_url": ""
  },
  {
    "a_date_farmed": "16/07/2024",
    "b_source": "10Times",
    "c_scraped_url": "https://10times.com/e1d0-6r52-hxzs-z",
    "d": "New Lead",
    "e": "Opportunity",
    "f": "Juan",
    "g": "Juan",
    "h": "Lara",
    "i": "Scraping",
    "j": "EDU Business",
    "k": "EDU Events",
    "l": "",
    "m_date_of_event": "Mon, 30 Jun - Fri, 04 Jul 2025",
    "n_event_name": "Open FOAM Conference",
    "o_description": "",
    "p": "",
    "q": "",
    "r": "",
    "s_state_province": "",
    "t": "Vietnam",
    "u": "Southeast Asia",
    "v": "",
    "w": "",
    "x": "",
    "y": "",
    "z": "",
    "aa": "",
    "ab_business_info": "",
    "ac_website": "",
    "ad": "",
    "ae": "",
    "af_country": "",
    "ag": "",
    "company_url": ""
  },
  {
    "a_date_farmed": "16/07/2024",
    "b_source": "10Times",
    "c_scraped_url": "https://10times.com/mastering-management-vienna",
    "d": "New Lead",
    "e": "Opportunity",
    "f": "Juan",
    "g": "Juan",
    "h": "Lara",
    "i": "Scraping",
    "j": "EDU Business",
    "k": "EDU Events",
    "l": "",
    "m_date_of_event": "Mon, 25 Aug - Fri, 05 Sep 2025",
    "n_event_name": "Mastering Management and Leadership Skills",
    "o_description": "",
    "p": "",
    "q": "",
    "r": "",
    "s_state_province": "",
    "t": "Vietnam",
    "u": "Southeast Asia",
    "v": "",
    "w": "",
    "x": "",
    "y": "",
    "z": "",
    "aa": "",
    "ab_business_info": "",
    "ac_website": "",
    "ad": "",
    "ae": "",
    "af_country": "",
    "ag": "",
    "company_url": ""
  },
  {
    "a_date_farmed": "16/07/2024",
    "b_source": "10Times",
    "c_scraped_url": "",
    "d": "New Lead",
    "e": "Opportunity",
    "f": "Juan",
    "g": "Juan",
    "h": "Lara",
    "i": "Scraping",
    "j": "EDU Business",
    "k": "EDU Events",
    "l": "",
    "m_date_of_event": "",
    "n_event_name": "",
    "o_description": "",
    "p": "",
    "q": "",
    "r": "",
    "s_state_province": "",
    "t": "Vietnam",
    "u": "Southeast Asia",
    "v": "",
    "w": "",
    "x": "",
    "y": "",
    "z": "",
    "aa": "",
    "ab_business_info": "",
    "ac_website": "",
    "ad": "",
    "ae": "",
    "af_country": "",
    "ag": ""
  },
  {
    "a_date_farmed": "16/07/2024",
    "b_source": "10Times",
    "c_scraped_url": "",
    "d": "New Lead",
    "e": "Opportunity",
    "f": "Juan",
    "g": "Juan",
    "h": "Lara",
    "i": "Scraping",
    "j": "EDU Business",
    "k": "EDU Events",
    "l": "",
    "m_date_of_event": "",
    "n_event_name": "",
    "o_description": "",
    "p": "",
    "q": "",
    "r": "",
    "s_state_province": "",
    "t": "Vietnam",
    "u": "Southeast Asia",
    "v": "",
    "w": "",
    "x": "",
    "y": "",
    "z": "",
    "aa": "",
    "ab_business_info": "",
    "ac_website": "",
    "ad": "",
    "ae": "",
    "af_country": "",
    "ag": ""
  }
]