[
  {
    "a_date_farmed": "21/12/2024",
    "b_source": "10Times",
    "c_scraped_url": "https://10times.com/e1d1-22r6-fgkx-h",
    "d": "New Lead",
    "e": "Opportunity",
    "f": "Juan",
    "g": "Juan",
    "h": "Lara",
    "i": "Scraping",
    "j": "EDU Business",
    "k": "EDU Events",
    "l": "",
    "m_date_of_event": "Sun, 22  - Thu, 26 Dec 2024",
    "n_event_name": "Advanced Contract Management",
    "o_description": "Followers",
    "p": "",
    "q": "",
    "r": "",
    "s_state_province": "Cairo, Egypt",
    "t": "egypt",
    "u": "[region]",
    "v": "",
    "w": "",
    "x": "",
    "y": "",
    "z": "",
    "aa": "",
    "ab_business_info": "",
    "ac_website": "",
    "ad": "",
    "ae": "",
    "af_country": "",
    "ag": "",
    "company_url": ""
  },
  {
    "a_date_farmed": "21/12/2024",
    "b_source": "10Times",
    "c_scraped_url": "https://10times.com/e1dp-x3x4-f3h2-f",
    "d": "New Lead",
    "e": "Opportunity",
    "f": "Juan",
    "g": "Juan",
    "h": "Lara",
    "i": "Scraping",
    "j": "EDU Business",
    "k": "EDU Events",
    "l": "",
    "m_date_of_event": "Wed, 25  - Thu, 26 Dec 2024",
    "n_event_name": "International Conference of Language Engineering",
    "o_description": "Followers",
    "p": "",
    "q": "",
    "r": "",
    "s_state_province": "Nile University, \t\t\t\t\t\t\t\t\t\t\tFirst 6th of October, EgyptGet Directions",
    "t": "egypt",
    "u": "[region]",
    "v": "",
    "w": "",
    "x": "",
    "y": "",
    "z": "",
    "aa": "",
    "ab_business_info": "",
    "ac_website": "",
    "ad": "",
    "ae": "",
    "af_country": "",
    "ag": "",
    "company_url": ""
  },
  {
    "a_date_farmed": "21/12/2024",
    "b_source": "10Times",
    "c_scraped_url": "",
    "d": "New Lead",
    "e": "Opportunity",
    "f": "Juan",
    "g": "Juan",
    "h": "Lara",
    "i": "Scraping",
    "j": "EDU Business",
    "k": "EDU Events",
    "l": "",
    "m_date_of_event": "",
    "n_event_name": "",
    "o_description": "",
    "p": "",
    "q": "",
    "r": "",
    "s_state_province": "",
    "t": "egypt",
    "u": "[region]",
    "v": "",
    "w": "",
    "x": "",
    "y": "",
    "z": "",
    "aa": "",
    "ab_business_info": "",
    "ac_website": "",
    "ad": "",
    "ae": "",
    "af_country": "",
    "ag": ""
  },
  {
    "a_date_farmed": "21/12/2024",
    "b_source": "10Times",
    "c_scraped_url": "https://10times.com/e1d2-552r-hxsg-g",
    "d": "New Lead",
    "e": "Opportunity",
    "f": "Juan",
    "g": "Juan",
    "h": "Lara",
    "i": "Scraping",
    "j": "EDU Business",
    "k": "EDU Events",
    "l": "",
    "m_date_of_event": "Mon, 06  - Fri, 10 Jan 2025",
    "n_event_name": "Managing Tenders, Specifications & Contracts Course",
    "o_description": "Followers",
    "p": "",
    "q": "",
    "r": "",
    "s_state_province": "Cairo, Egypt",
    "t": "egypt",
    "u": "[region]",
    "v": "",
    "w": "",
    "x": "",
    "y": "",
    "z": "",
    "aa": "",
    "ab_business_info": "Indepth Research Services",
    "ac_website": "",
    "ad": "",
    "ae": "",
    "af_country": "Nigeria",
    "ag": "",
    "company_url": "https://10times.com/company/indepth-research-services"
  },
  {
    "a_date_farmed": "21/12/2024",
    "b_source": "10Times",
    "c_scraped_url": "",
    "d": "New Lead",
    "e": "Opportunity",
    "f": "Juan",
    "g": "Juan",
    "h": "Lara",
    "i": "Scraping",
    "j": "EDU Business",
    "k": "EDU Events",
    "l": "",
    "m_date_of_event": "",
    "n_event_name": "",
    "o_description": "",
    "p": "",
    "q": "",
    "r": "",
    "s_state_province": "",
    "t": "egypt",
    "u": "[region]",
    "v": "",
    "w": "",
    "x": "",
    "y": "",
    "z": "",
    "aa": "",
    "ab_business_info": "",
    "ac_website": "",
    "ad": "",
    "ae": "",
    "af_country": "",
    "ag": ""
  },
  {
    "a_date_farmed": "21/12/2024",
    "b_source": "10Times",
    "c_scraped_url": "https://10times.com/e1dr-h153-xp5k-r",
    "d": "New Lead",
    "e": "Opportunity",
    "f": "Juan",
    "g": "Juan",
    "h": "Lara",
    "i": "Scraping",
    "j": "EDU Business",
    "k": "EDU Events",
    "l": "",
    "m_date_of_event": "Mon, 06  - Fri, 10 Jan 2025",
    "n_event_name": "Middle Managers Leadership and Management Program",
    "o_description": "Followers",
    "p": "",
    "q": "",
    "r": "",
    "s_state_province": "Cairo, Egypt",
    "t": "egypt",
    "u": "[region]",
    "v": "",
    "w": "",
    "x": "",
    "y": "",
    "z": "",
    "aa": "",
    "ab_business_info": "Indepth Research Services",
    "ac_website": "",
    "ad": "",
    "ae": "",
    "af_country": "Nigeria",
    "ag": "",
    "company_url": "https://10times.com/company/indepth-research-services"
  },
  {
    "a_date_farmed": "21/12/2024",
    "b_source": "10Times",
    "c_scraped_url": "https://10times.com/e1dr-3fr7-f5xr-4",
    "d": "New Lead",
    "e": "Opportunity",
    "f": "Juan",
    "g": "Juan",
    "h": "Lara",
    "i": "Scraping",
    "j": "EDU Business",
    "k": "EDU Events",
    "l": "",
    "m_date_of_event": "Mon, 06  - Fri, 10 Jan 2025",
    "n_event_name": "Mobile Data Collection, Analysis, and Mapping with ODK and Kobo Toolbox Training Course",
    "o_description": "Followers",
    "p": "",
    "q": "",
    "r": "",
    "s_state_province": "Cairo, Egypt",
    "t": "egypt",
    "u": "[region]",
    "v": "",
    "w": "",
    "x": "",
    "y": "",
    "z": "",
    "aa": "",
    "ab_business_info": "Indepth Research Services",
    "ac_website": "",
    "ad": "",
    "ae": "",
    "af_country": "Nigeria",
    "ag": "",
    "company_url": "https://10times.com/company/indepth-research-services"
  },
  {
    "a_date_farmed": "21/12/2024",
    "b_source": "10Times",
    "c_scraped_url": "https://10times.com/e12d-rhxs-4h3x-6",
    "d": "New Lead",
    "e": "Opportunity",
    "f": "Juan",
    "g": "Juan",
    "h": "Lara",
    "i": "Scraping",
    "j": "EDU Business",
    "k": "EDU Events",
    "l": "",
    "m_date_of_event": "Mon, 06  - Fri, 10 Jan 2025",
    "n_event_name": "Designing and Conducting Surveys for MEAL Training Course",
    "o_description": "",
    "p": "",
    "q": "",
    "r": "",
    "s_state_province": "",
    "t": "egypt",
    "u": "[region]",
    "v": "",
    "w": "",
    "x": "",
    "y": "",
    "z": "",
    "aa": "",
    "ab_business_info": "",
    "ac_website": "",
    "ad": "",
    "ae": "",
    "af_country": "",
    "ag": "",
    "company_url": ""
  },
  {
    "a_date_farmed": "21/12/2024",
    "b_source": "10Times",
    "c_scraped_url": "https://10times.com/e1dr-2hx3-sh5z-9",
    "d": "New Lead",
    "e": "Opportunity",
    "f": "Juan",
    "g": "Juan",
    "h": "Lara",
    "i": "Scraping",
    "j": "EDU Business",
    "k": "EDU Events",
    "l": "",
    "m_date_of_event": "Mon, 06  - Fri, 10 Jan 2025",
    "n_event_name": "Client Management Strategies for Retention and Growth Course",
    "o_description": "",
    "p": "",
    "q": "",
    "r": "",
    "s_state_province": "",
    "t": "egypt",
    "u": "[region]",
    "v": "",
    "w": "",
    "x": "",
    "y": "",
    "z": "",
    "aa": "",
    "ab_business_info": "",
    "ac_website": "",
    "ad": "",
    "ae": "",
    "af_country": "",
    "ag": "",
    "company_url": ""
  },
  {
    "a_date_farmed": "21/12/2024",
    "b_source": "10Times",
    "c_scraped_url": "https://10times.com/e1d2-r1hx-1s8f-s",
    "d": "New Lead",
    "e": "Opportunity",
    "f": "Juan",
    "g": "Juan",
    "h": "Lara",
    "i": "Scraping",
    "j": "EDU Business",
    "k": "EDU Events",
    "l": "",
    "m_date_of_event": "Mon, 06  - Fri, 10 Jan 2025",
    "n_event_name": "Tendering, Procurement and Negotiation Skills Course",
    "o_description": "",
    "p": "",
    "q": "",
    "r": "",
    "s_state_province": "",
    "t": "egypt",
    "u": "[region]",
    "v": "",
    "w": "",
    "x": "",
    "y": "",
    "z": "",
    "aa": "",
    "ab_business_info": "",
    "ac_website": "",
    "ad": "",
    "ae": "",
    "af_country": "",
    "ag": "",
    "company_url": ""
  },
  {
    "a_date_farmed": "21/12/2024",
    "b_source": "10Times",
    "c_scraped_url": "https://10times.com/e11d-rhxp-x7z5-7",
    "d": "New Lead",
    "e": "Opportunity",
    "f": "Juan",
    "g": "Juan",
    "h": "Lara",
    "i": "Scraping",
    "j": "EDU Business",
    "k": "EDU Events",
    "l": "",
    "m_date_of_event": "Mon, 06  - Fri, 10 Jan 2025",
    "n_event_name": "Procurement Framework for Project Staff Course",
    "o_description": "",
    "p": "",
    "q": "",
    "r": "",
    "s_state_province": "",
    "t": "egypt",
    "u": "[region]",
    "v": "",
    "w": "",
    "x": "",
    "y": "",
    "z": "",
    "aa": "",
    "ab_business_info": "",
    "ac_website": "",
    "ad": "",
    "ae": "",
    "af_country": "",
    "ag": "",
    "company_url": ""
  },
  {
    "a_date_farmed": "21/12/2024",
    "b_source": "10Times",
    "c_scraped_url": "https://10times.com/e1d1-r6h3-x9px-h",
    "d": "New Lead",
    "e": "Opportunity",
    "f": "Juan",
    "g": "Juan",
    "h": "Lara",
    "i": "Scraping",
    "j": "EDU Business",
    "k": "EDU Events",
    "l": "",
    "m_date_of_event": "Mon, 06  - Fri, 10 Jan 2025",
    "n_event_name": "Contract Preparation and Bid Evaluation Course",
    "o_description": "",
    "p": "",
    "q": "",
    "r": "",
    "s_state_province": "",
    "t": "egypt",
    "u": "[region]",
    "v": "",
    "w": "",
    "x": "",
    "y": "",
    "z": "",
    "aa": "",
    "ab_business_info": "",
    "ac_website": "",
    "ad": "",
    "ae": "",
    "af_country": "",
    "ag": "",
    "company_url": ""
  },
  {
    "a_date_farmed": "21/12/2024",
    "b_source": "10Times",
    "c_scraped_url": "https://10times.com/e1d1-r6h2-xpk3-x",
    "d": "New Lead",
    "e": "Opportunity",
    "f": "Juan",
    "g": "Juan",
    "h": "Lara",
    "i": "Scraping",
    "j": "EDU Business",
    "k": "EDU Events",
    "l": "",
    "m_date_of_event": "Mon, 06  - Fri, 10 Jan 2025",
    "n_event_name": "Sales Pipeline Management Course",
    "o_description": "",
    "p": "",
    "q": "",
    "r": "",
    "s_state_province": "",
    "t": "egypt",
    "u": "[region]",
    "v": "",
    "w": "",
    "x": "",
    "y": "",
    "z": "",
    "aa": "",
    "ab_business_info": "",
    "ac_website": "",
    "ad": "",
    "ae": "",
    "af_country": "",
    "ag": "",
    "company_url": ""
  },
  {
    "a_date_farmed": "21/12/2024",
    "b_source": "10Times",
    "c_scraped_url": "https://10times.com/e1d1-2r4h-0xpr-z",
    "d": "New Lead",
    "e": "Opportunity",
    "f": "Juan",
    "g": "Juan",
    "h": "Lara",
    "i": "Scraping",
    "j": "EDU Business",
    "k": "EDU Events",
    "l": "",
    "m_date_of_event": "Mon, 06  - Fri, 10 Jan 2025",
    "n_event_name": "Enterprise Supply Chain Management Course",
    "o_description": "",
    "p": "",
    "q": "",
    "r": "",
    "s_state_province": "",
    "t": "egypt",
    "u": "[region]",
    "v": "",
    "w": "",
    "x": "",
    "y": "",
    "z": "",
    "aa": "",
    "ab_business_info": "",
    "ac_website": "",
    "ad": "",
    "ae": "",
    "af_country": "",
    "ag": "",
    "company_url": ""
  },
  {
    "a_date_farmed": "21/12/2024",
    "b_source": "10Times",
    "c_scraped_url": "https://10times.com/e1d1-1r31-hxpr-f",
    "d": "New Lead",
    "e": "Opportunity",
    "f": "Juan",
    "g": "Juan",
    "h": "Lara",
    "i": "Scraping",
    "j": "EDU Business",
    "k": "EDU Events",
    "l": "",
    "m_date_of_event": "Mon, 06  - Fri, 10 Jan 2025",
    "n_event_name": "Contract Management and Administration (Based on FIDIC Standard) Course",
    "o_description": "",
    "p": "",
    "q": "",
    "r": "",
    "s_state_province": "",
    "t": "egypt",
    "u": "[region]",
    "v": "",
    "w": "",
    "x": "",
    "y": "",
    "z": "",
    "aa": "",
    "ab_business_info": "",
    "ac_website": "",
    "ad": "",
    "ae": "",
    "af_country": "",
    "ag": "",
    "company_url": ""
  },
  {
    "a_date_farmed": "21/12/2024",
    "b_source": "10Times",
    "c_scraped_url": "",
    "d": "New Lead",
    "e": "Opportunity",
    "f": "Juan",
    "g": "Juan",
    "h": "Lara",
    "i": "Scraping",
    "j": "EDU Business",
    "k": "EDU Events",
    "l": "",
    "m_date_of_event": "",
    "n_event_name": "",
    "o_description": "",
    "p": "",
    "q": "",
    "r": "",
    "s_state_province": "",
    "t": "egypt",
    "u": "[region]",
    "v": "",
    "w": "",
    "x": "",
    "y": "",
    "z": "",
    "aa": "",
    "ab_business_info": "",
    "ac_website": "",
    "ad": "",
    "ae": "",
    "af_country": "",
    "ag": ""
  },
  {
    "a_date_farmed": "21/12/2024",
    "b_source": "10Times",
    "c_scraped_url": "https://10times.com/e1d1-r0h3-x1pz-z",
    "d": "New Lead",
    "e": "Opportunity",
    "f": "Juan",
    "g": "Juan",
    "h": "Lara",
    "i": "Scraping",
    "j": "EDU Business",
    "k": "EDU Events",
    "l": "",
    "m_date_of_event": "Mon, 06  - Fri, 10 Jan 2025",
    "n_event_name": "Advanced Sales Negotiations and Closing Course",
    "o_description": "A practical three-day sales course focusing on negotiation skills for professionals dealing with demanding buyers, emphasizing strategic preparation and understanding the other party's needs.",
    "p": "",
    "q": "",
    "r": "",
    "s_state_province": "Cairo, Egypt",
    "t": "egypt",
    "u": "[region]",
    "v": "",
    "w": "",
    "x": "",
    "y": "",
    "z": "",
    "aa": "",
    "ab_business_info": "Indepth Research Services",
    "ac_website": "",
    "ad": "",
    "ae": "",
    "af_country": "Nigeria",
    "ag": "",
    "company_url": "https://10times.com/company/indepth-research-services"
  },
  {
    "a_date_farmed": "21/12/2024",
    "b_source": "10Times",
    "c_scraped_url": "https://10times.com/e1dr-h08x-pz5h-1",
    "d": "New Lead",
    "e": "Opportunity",
    "f": "Juan",
    "g": "Juan",
    "h": "Lara",
    "i": "Scraping",
    "j": "EDU Business",
    "k": "EDU Events",
    "l": "",
    "m_date_of_event": "Mon, 06  - Fri, 10 Jan 2025",
    "n_event_name": "Electronic Document & Record Management Course",
    "o_description": "Followers",
    "p": "",
    "q": "",
    "r": "",
    "s_state_province": "Cairo, Egypt",
    "t": "egypt",
    "u": "[region]",
    "v": "",
    "w": "",
    "x": "",
    "y": "",
    "z": "",
    "aa": "",
    "ab_business_info": "Indepth Research Services",
    "ac_website": "",
    "ad": "",
    "ae": "",
    "af_country": "Nigeria",
    "ag": "",
    "company_url": "https://10times.com/company/indepth-research-services"
  },
  {
    "a_date_farmed": "21/12/2024",
    "b_source": "10Times",
    "c_scraped_url": "https://10times.com/e1dr-hx07-p4sz-6",
    "d": "New Lead",
    "e": "Opportunity",
    "f": "Juan",
    "g": "Juan",
    "h": "Lara",
    "i": "Scraping",
    "j": "EDU Business",
    "k": "EDU Events",
    "l": "",
    "m_date_of_event": "Mon, 06  - Fri, 10 Jan 2025",
    "n_event_name": "Managing Vendor Qualification, Performance & Contract Compliance Course",
    "o_description": "A formalized system to track and evaluate supplier and vendor performance is crucial for a company's success. Successful companies view suppliers and vendors as partners in growth, emphasizing the importance of selecting the right processes and criteria for supplier selection.",
    "p": "",
    "q": "",
    "r": "",
    "s_state_province": "Cairo, Egypt",
    "t": "egypt",
    "u": "[region]",
    "v": "",
    "w": "",
    "x": "",
    "y": "",
    "z": "",
    "aa": "",
    "ab_business_info": "Indepth Research Services",
    "ac_website": "",
    "ad": "",
    "ae": "",
    "af_country": "",
    "ag": "",
    "company_url": "https://10times.com/company/indepth-research-services"
  },
  {
    "a_date_farmed": "21/12/2024",
    "b_source": "10Times",
    "c_scraped_url": "https://10times.com/e1d0-73r4-hxps-g",
    "d": "New Lead",
    "e": "Opportunity",
    "f": "Juan",
    "g": "Juan",
    "h": "Lara",
    "i": "Scraping",
    "j": "EDU Business",
    "k": "EDU Events",
    "l": "",
    "m_date_of_event": "Mon, 06  - Fri, 10 Jan 2025",
    "n_event_name": "Applying Knowledge Management: Principles and Practices Course",
    "o_description": "This course provides strategies and tactics for maximizing performance from existing resources by considering various stages of the KM cycle and their impact on organizational performance across different sectors of the economy.",
    "p": "",
    "q": "",
    "r": "",
    "s_state_province": "Cairo, Egypt",
    "t": "egypt",
    "u": "[region]",
    "v": "",
    "w": "",
    "x": "",
    "y": "",
    "z": "",
    "aa": "",
    "ab_business_info": "Indepth Research Services",
    "ac_website": "",
    "ad": "",
    "ae": "",
    "af_country": "Nigeria",
    "ag": "",
    "company_url": "https://10times.com/company/indepth-research-services"
  },
  {
    "a_date_farmed": "21/12/2024",
    "b_source": "10Times",
    "c_scraped_url": "https://10times.com/e1dr-hxps-07f0-5",
    "d": "New Lead",
    "e": "Opportunity",
    "f": "Juan",
    "g": "Juan",
    "h": "Lara",
    "i": "Scraping",
    "j": "EDU Business",
    "k": "EDU Events",
    "l": "",
    "m_date_of_event": "Mon, 06  - Fri, 10 Jan 2025",
    "n_event_name": "Effective Purchasing and Contract Negotiation Strategies Course",
    "o_description": "This event focuses on improving negotiation skills for various business roles to enhance company profitability and efficiency in dealing with contractors and suppliers.",
    "p": "",
    "q": "",
    "r": "",
    "s_state_province": "Cairo, Egypt",
    "t": "egypt",
    "u": "[region]",
    "v": "",
    "w": "",
    "x": "",
    "y": "",
    "z": "",
    "aa": "",
    "ab_business_info": "Indepth Research Services",
    "ac_website": "",
    "ad": "",
    "ae": "",
    "af_country": "Nigeria",
    "ag": "",
    "company_url": "https://10times.com/company/indepth-research-services"
  },
  {
    "a_date_farmed": "21/12/2024",
    "b_source": "10Times",
    "c_scraped_url": "https://10times.com/e1dz-kk26-srk0-9",
    "d": "New Lead",
    "e": "Opportunity",
    "f": "Juan",
    "g": "Juan",
    "h": "Lara",
    "i": "Scraping",
    "j": "EDU Business",
    "k": "EDU Events",
    "l": "",
    "m_date_of_event": "Sun, 19  - Mon, 20 Jan 2025",
    "n_event_name": "Conference on Modern Trends in Change Management and Institutional Leadership",
    "o_description": "Followers",
    "p": "",
    "q": "",
    "r": "",
    "s_state_province": "Hilton Cairo Grand Nile, Cairo, EgyptGet Directions",
    "t": "egypt",
    "u": "[region]",
    "v": "",
    "w": "",
    "x": "",
    "y": "",
    "z": "",
    "aa": "",
    "ab_business_info": "",
    "ac_website": "",
    "ad": "",
    "ae": "",
    "af_country": "",
    "ag": "",
    "company_url": ""
  },
  {
    "a_date_farmed": "21/12/2024",
    "b_source": "10Times",
    "c_scraped_url": "https://10times.com/e1dd-k540-5fks-z",
    "d": "New Lead",
    "e": "Opportunity",
    "f": "Juan",
    "g": "Juan",
    "h": "Lara",
    "i": "Scraping",
    "j": "EDU Business",
    "k": "EDU Events",
    "l": "",
    "m_date_of_event": "Tue, 21  - Thu, 23 Jan 2025",
    "n_event_name": "International Conference on Engineering, Technology and Sciences",
    "o_description": "",
    "p": "",
    "q": "",
    "r": "",
    "s_state_province": "",
    "t": "egypt",
    "u": "[region]",
    "v": "",
    "w": "",
    "x": "",
    "y": "",
    "z": "",
    "aa": "",
    "ab_business_info": "",
    "ac_website": "",
    "ad": "",
    "ae": "",
    "af_country": "",
    "ag": "",
    "company_url": ""
  },
  {
    "a_date_farmed": "21/12/2024",
    "b_source": "10Times",
    "c_scraped_url": "https://10times.com/niletesol-learning-conference",
    "d": "New Lead",
    "e": "Opportunity",
    "f": "Juan",
    "g": "Juan",
    "h": "Lara",
    "i": "Scraping",
    "j": "EDU Business",
    "k": "EDU Events",
    "l": "",
    "m_date_of_event": "Fri, 31 Jan - Sat, 01 Feb 2025",
    "n_event_name": "NileTESOL Conference",
    "o_description": "Followers",
    "p": "",
    "q": "",
    "r": "",
    "s_state_province": "AUC New Cairo Campus Shop, Cairo, EgyptGet Directions",
    "t": "egypt",
    "u": "[region]",
    "v": "",
    "w": "",
    "x": "",
    "y": "",
    "z": "",
    "aa": "",
    "ab_business_info": "American University In Cairo",
    "ac_website": "",
    "ad": "",
    "ae": "",
    "af_country": "",
    "ag": "",
    "company_url": "https://10times.com/company/american-university-in-cairo"
  },
  {
    "a_date_farmed": "21/12/2024",
    "b_source": "10Times",
    "c_scraped_url": "",
    "d": "New Lead",
    "e": "Opportunity",
    "f": "Juan",
    "g": "Juan",
    "h": "Lara",
    "i": "Scraping",
    "j": "EDU Business",
    "k": "EDU Events",
    "l": "",
    "m_date_of_event": "",
    "n_event_name": "",
    "o_description": "",
    "p": "",
    "q": "",
    "r": "",
    "s_state_province": "",
    "t": "egypt",
    "u": "[region]",
    "v": "",
    "w": "",
    "x": "",
    "y": "",
    "z": "",
    "aa": "",
    "ab_business_info": "",
    "ac_website": "",
    "ad": "",
    "ae": "",
    "af_country": "",
    "ag": ""
  },
  {
    "a_date_farmed": "21/12/2024",
    "b_source": "10Times",
    "c_scraped_url": "https://10times.com/e1dd-53k0-0hhr-g",
    "d": "New Lead",
    "e": "Opportunity",
    "f": "Juan",
    "g": "Juan",
    "h": "Lara",
    "i": "Scraping",
    "j": "EDU Business",
    "k": "EDU Events",
    "l": "",
    "m_date_of_event": "Thu, 06  - Sat, 08 Feb 2025",
    "n_event_name": "The International Exhibition & Conference For Elevators & Escalators Technologies, Attachments and Accessories...",
    "o_description": "Followers",
    "p": "",
    "q": "",
    "r": "",
    "s_state_province": "Cairo International Convention & Exhibition Center (CICC) Cairo Egypt, Cairo, EgyptGet Directions",
    "t": "egypt",
    "u": "[region]",
    "v": "",
    "w": "",
    "x": "",
    "y": "",
    "z": "",
    "aa": "",
    "ab_business_info": "",
    "ac_website": "",
    "ad": "",
    "ae": "",
    "af_country": "",
    "ag": "",
    "company_url": ""
  },
  {
    "a_date_farmed": "21/12/2024",
    "b_source": "10Times",
    "c_scraped_url": "",
    "d": "New Lead",
    "e": "Opportunity",
    "f": "Juan",
    "g": "Juan",
    "h": "Lara",
    "i": "Scraping",
    "j": "EDU Business",
    "k": "EDU Events",
    "l": "",
    "m_date_of_event": "",
    "n_event_name": "",
    "o_description": "",
    "p": "",
    "q": "",
    "r": "",
    "s_state_province": "",
    "t": "egypt",
    "u": "[region]",
    "v": "",
    "w": "",
    "x": "",
    "y": "",
    "z": "",
    "aa": "",
    "ab_business_info": "",
    "ac_website": "",
    "ad": "",
    "ae": "",
    "af_country": "",
    "ag": ""
  },
  {
    "a_date_farmed": "21/12/2024",
    "b_source": "10Times",
    "c_scraped_url": "https://10times.com/e1d4-s5r3-h4sf-p",
    "d": "New Lead",
    "e": "Opportunity",
    "f": "Juan",
    "g": "Juan",
    "h": "Lara",
    "i": "Scraping",
    "j": "EDU Business",
    "k": "EDU Events",
    "l": "",
    "m_date_of_event": "Tue, 04  - Wed, 19 Feb 2025",
    "n_event_name": "Wellbeing at Work Summit",
    "o_description": "The 9th Wellbeing at Work Summit Middle East is a three-day event focusing on enhancing health and wellbeing strategies for organizations. Attendees will connect with HR leaders, learn from industry experts, and access valuable insights. The summit emphasizes the importance of workplace wellbeing as a strategic priority, aiming to create more humanistic organizations that prioritize employee satisfaction and engagement.",
    "p": "",
    "q": "",
    "r": "",
    "s_state_province": "Cairo, Egypt",
    "t": "egypt",
    "u": "[region]",
    "v": "",
    "w": "",
    "x": "",
    "y": "",
    "z": "",
    "aa": "",
    "ab_business_info": "",
    "ac_website": "",
    "ad": "",
    "ae": "",
    "af_country": "",
    "ag": "",
    "company_url": ""
  },
  {
    "a_date_farmed": "21/12/2024",
    "b_source": "10Times",
    "c_scraped_url": "",
    "d": "New Lead",
    "e": "Opportunity",
    "f": "Juan",
    "g": "Juan",
    "h": "Lara",
    "i": "Scraping",
    "j": "EDU Business",
    "k": "EDU Events",
    "l": "",
    "m_date_of_event": "",
    "n_event_name": "",
    "o_description": "",
    "p": "",
    "q": "",
    "r": "",
    "s_state_province": "",
    "t": "egypt",
    "u": "[region]",
    "v": "",
    "w": "",
    "x": "",
    "y": "",
    "z": "",
    "aa": "",
    "ab_business_info": "",
    "ac_website": "",
    "ad": "",
    "ae": "",
    "af_country": "",
    "ag": ""
  },
  {
    "a_date_farmed": "21/12/2024",
    "b_source": "10Times",
    "c_scraped_url": "https://10times.com/e109-dsrh-p2zs-8",
    "d": "New Lead",
    "e": "Opportunity",
    "f": "Juan",
    "g": "Juan",
    "h": "Lara",
    "i": "Scraping",
    "j": "EDU Business",
    "k": "EDU Events",
    "l": "",
    "m_date_of_event": "Mon, 17  - Wed, 19 Feb 2025",
    "n_event_name": "Egypes, 17, Cairo, Egypt (VDMA Pavilion)",
    "o_description": "Followers",
    "p": "",
    "q": "",
    "r": "",
    "s_state_province": "Egypt International Exhibition Center, Cairo, EgyptGet Directions",
    "t": "egypt",
    "u": "[region]",
    "v": "",
    "w": "",
    "x": "",
    "y": "",
    "z": "",
    "aa": "",
    "ab_business_info": "VDMA India",
    "ac_website": "",
    "ad": "",
    "ae": "",
    "af_country": "India",
    "ag": "",
    "company_url": "https://10times.com/company/vdma-india"
  },
  {
    "a_date_farmed": "21/12/2024",
    "b_source": "10Times",
    "c_scraped_url": "https://10times.com/e1d2-5r2p-1hgz-z",
    "d": "New Lead",
    "e": "Opportunity",
    "f": "Juan",
    "g": "Juan",
    "h": "Lara",
    "i": "Scraping",
    "j": "EDU Business",
    "k": "EDU Events",
    "l": "",
    "m_date_of_event": "Wed, 19  - Thu, 20 Feb 2025",
    "n_event_name": "EDU TECH International Fair and Forum",
    "o_description": "",
    "p": "",
    "q": "",
    "r": "",
    "s_state_province": "",
    "t": "egypt",
    "u": "[region]",
    "v": "",
    "w": "",
    "x": "",
    "y": "",
    "z": "",
    "aa": "",
    "ab_business_info": "",
    "ac_website": "",
    "ad": "",
    "ae": "",
    "af_country": "",
    "ag": "",
    "company_url": ""
  },
  {
    "a_date_farmed": "21/12/2024",
    "b_source": "10Times",
    "c_scraped_url": "https://10times.com/edu-gate",
    "d": "New Lead",
    "e": "Opportunity",
    "f": "Juan",
    "g": "Juan",
    "h": "Lara",
    "i": "Scraping",
    "j": "EDU Business",
    "k": "EDU Events",
    "l": "",
    "m_date_of_event": "Sun, 23  - Tue, 25 Feb 2025",
    "n_event_name": "Edugate Cairo",
    "o_description": "Followers",
    "p": "",
    "q": "",
    "r": "",
    "s_state_province": "Kempinski Nile Hotel Garden City Cairo, Cairo, EgyptGet Directions",
    "t": "egypt",
    "u": "[region]",
    "v": "",
    "w": "",
    "x": "",
    "y": "",
    "z": "",
    "aa": "",
    "ab_business_info": "",
    "ac_website": "",
    "ad": "",
    "ae": "",
    "af_country": "",
    "ag": "",
    "company_url": ""
  },
  {
    "a_date_farmed": "21/12/2024",
    "b_source": "10Times",
    "c_scraped_url": "https://10times.com/e151-zkr2-gsp8",
    "d": "New Lead",
    "e": "Opportunity",
    "f": "Juan",
    "g": "Juan",
    "h": "Lara",
    "i": "Scraping",
    "j": "EDU Business",
    "k": "EDU Events",
    "l": "",
    "m_date_of_event": "Sun, 23  - Thu, 27 Feb 2025",
    "n_event_name": "Research and Creativity Convention",
    "o_description": "",
    "p": "",
    "q": "",
    "r": "",
    "s_state_province": "",
    "t": "egypt",
    "u": "[region]",
    "v": "",
    "w": "",
    "x": "",
    "y": "",
    "z": "",
    "aa": "",
    "ab_business_info": "",
    "ac_website": "",
    "ad": "",
    "ae": "",
    "af_country": "",
    "ag": "",
    "company_url": ""
  },
  {
    "a_date_farmed": "21/12/2024",
    "b_source": "10Times",
    "c_scraped_url": "https://10times.com/e14d-sspp-s8k4-9",
    "d": "New Lead",
    "e": "Opportunity",
    "f": "Juan",
    "g": "Juan",
    "h": "Lara",
    "i": "Scraping",
    "j": "EDU Business",
    "k": "EDU Events",
    "l": "",
    "m_date_of_event": "Wed, 26  - Thu, 27 Feb 2025",
    "n_event_name": "Edugate",
    "o_description": "Followers",
    "p": "",
    "q": "",
    "r": "",
    "s_state_province": "Four Seasons Hotel Alexandria at San Stefano, Egypt, \t\t\t\t\t\t\t\t\t\t\tAlexandria, EgyptGet Directions",
    "t": "egypt",
    "u": "[region]",
    "v": "",
    "w": "",
    "x": "",
    "y": "",
    "z": "",
    "aa": "",
    "ab_business_info": "",
    "ac_website": "",
    "ad": "",
    "ae": "",
    "af_country": "",
    "ag": "",
    "company_url": ""
  },
  {
    "a_date_farmed": "21/12/2024",
    "b_source": "10Times",
    "c_scraped_url": "https://10times.com/e1k0-7f37-dzff",
    "d": "New Lead",
    "e": "Opportunity",
    "f": "Juan",
    "g": "Juan",
    "h": "Lara",
    "i": "Scraping",
    "j": "EDU Business",
    "k": "EDU Events",
    "l": "",
    "m_date_of_event": "Fri, 14  - Sat, 15 Mar 2025",
    "n_event_name": "Begin Offline Private and Boarding School Fair Cairo. Cairo",
    "o_description": "",
    "p": "",
    "q": "",
    "r": "",
    "s_state_province": "",
    "t": "egypt",
    "u": "[region]",
    "v": "",
    "w": "",
    "x": "",
    "y": "",
    "z": "",
    "aa": "",
    "ab_business_info": "",
    "ac_website": "",
    "ad": "",
    "ae": "",
    "af_country": "",
    "ag": "",
    "company_url": ""
  },
  {
    "a_date_farmed": "21/12/2024",
    "b_source": "10Times",
    "c_scraped_url": "https://10times.com/e1rx-070p-k7hg",
    "d": "New Lead",
    "e": "Opportunity",
    "f": "Juan",
    "g": "Juan",
    "h": "Lara",
    "i": "Scraping",
    "j": "EDU Business",
    "k": "EDU Events",
    "l": "",
    "m_date_of_event": "Wed, 09 Apr 2025",
    "n_event_name": "Begin Edu Fair - Cairo",
    "o_description": "Meet potential candidates and parents interested in your institution's programs. Get a list of contacts showing interest. Target audience includes schoolchildren, parents, university students exploring international study programs, and education providers.",
    "p": "",
    "q": "",
    "r": "",
    "s_state_province": "Cairo, Egypt",
    "t": "egypt",
    "u": "[region]",
    "v": "",
    "w": "",
    "x": "",
    "y": "",
    "z": "",
    "aa": "",
    "ab_business_info": "Begin Group",
    "ac_website": "",
    "ad": "",
    "ae": "",
    "af_country": "Germany",
    "ag": "",
    "company_url": "https://10times.com/company/begingroup"
  },
  {
    "a_date_farmed": "21/12/2024",
    "b_source": "10Times",
    "c_scraped_url": "https://10times.com/e14d-rgfs-6d0x-0",
    "d": "New Lead",
    "e": "Opportunity",
    "f": "Juan",
    "g": "Juan",
    "h": "Lara",
    "i": "Scraping",
    "j": "EDU Business",
    "k": "EDU Events",
    "l": "",
    "m_date_of_event": "Mon, 07  - Fri, 11 Apr 2025",
    "n_event_name": "Best Practices in Electronic Records Management and Digital Archiving Course",
    "o_description": "",
    "p": "",
    "q": "",
    "r": "",
    "s_state_province": "",
    "t": "egypt",
    "u": "[region]",
    "v": "",
    "w": "",
    "x": "",
    "y": "",
    "z": "",
    "aa": "",
    "ab_business_info": "",
    "ac_website": "",
    "ad": "",
    "ae": "",
    "af_country": "",
    "ag": "",
    "company_url": ""
  },
  {
    "a_date_farmed": "21/12/2024",
    "b_source": "10Times",
    "c_scraped_url": "https://10times.com/e1d4-h6f2-s4df-r",
    "d": "New Lead",
    "e": "Opportunity",
    "f": "Juan",
    "g": "Juan",
    "h": "Lara",
    "i": "Scraping",
    "j": "EDU Business",
    "k": "EDU Events",
    "l": "",
    "m_date_of_event": "Wed, 09  - Fri, 11 Apr 2025",
    "n_event_name": "Edu World Egypt",
    "o_description": "Followers",
    "p": "",
    "q": "",
    "r": "",
    "s_state_province": "cicc cairo international convention center, Cairo, EgyptGet Directions",
    "t": "egypt",
    "u": "[region]",
    "v": "",
    "w": "",
    "x": "",
    "y": "",
    "z": "",
    "aa": "",
    "ab_business_info": "",
    "ac_website": "",
    "ad": "",
    "ae": "",
    "af_country": "",
    "ag": "",
    "company_url": ""
  },
  {
    "a_date_farmed": "21/12/2024",
    "b_source": "10Times",
    "c_scraped_url": "https://10times.com/e10k-fdsx-k721",
    "d": "New Lead",
    "e": "Opportunity",
    "f": "Juan",
    "g": "Juan",
    "h": "Lara",
    "i": "Scraping",
    "j": "EDU Business",
    "k": "EDU Events",
    "l": "",
    "m_date_of_event": "Thu, 17 Apr 2025",
    "n_event_name": "Gulf Region (Bahrain, Kuwait, Oman, Qatar, Saudi Arabia, UAE) Online Fair",
    "o_description": "Followers",
    "p": "",
    "q": "",
    "r": "",
    "s_state_province": "Cairo, Egypt  •  Virtual Event",
    "t": "egypt",
    "u": "[region]",
    "v": "",
    "w": "",
    "x": "",
    "y": "",
    "z": "",
    "aa": "",
    "ab_business_info": "Begin Group",
    "ac_website": "",
    "ad": "",
    "ae": "",
    "af_country": "Germany",
    "ag": "",
    "company_url": "https://10times.com/company/begingroup"
  },
  {
    "a_date_farmed": "21/12/2024",
    "b_source": "10Times",
    "c_scraped_url": "",
    "d": "New Lead",
    "e": "Opportunity",
    "f": "Juan",
    "g": "Juan",
    "h": "Lara",
    "i": "Scraping",
    "j": "EDU Business",
    "k": "EDU Events",
    "l": "",
    "m_date_of_event": "",
    "n_event_name": "",
    "o_description": "",
    "p": "",
    "q": "",
    "r": "",
    "s_state_province": "",
    "t": "egypt",
    "u": "[region]",
    "v": "",
    "w": "",
    "x": "",
    "y": "",
    "z": "",
    "aa": "",
    "ab_business_info": "",
    "ac_website": "",
    "ad": "",
    "ae": "",
    "af_country": "",
    "ag": ""
  },
  {
    "a_date_farmed": "21/12/2024",
    "b_source": "10Times",
    "c_scraped_url": "https://10times.com/e1d0-z6x5-k1hk-r",
    "d": "New Lead",
    "e": "Opportunity",
    "f": "Juan",
    "g": "Juan",
    "h": "Lara",
    "i": "Scraping",
    "j": "EDU Business",
    "k": "EDU Events",
    "l": "",
    "m_date_of_event": "Mon, 07  - Fri, 18 Apr 2025",
    "n_event_name": "Mastering PVsyst for Solar Photovoltaic Design Training Course",
    "o_description": "This training course focuses on mastering PVsyst, a leading software tool for designing and optimizing solar PV systems, to empower professionals in the renewable energy sector.",
    "p": "",
    "q": "",
    "r": "",
    "s_state_province": "Cairo, Egypt",
    "t": "egypt",
    "u": "[region]",
    "v": "",
    "w": "",
    "x": "",
    "y": "",
    "z": "",
    "aa": "",
    "ab_business_info": "Indepth Research Services",
    "ac_website": "",
    "ad": "",
    "ae": "",
    "af_country": "",
    "ag": "",
    "company_url": "https://10times.com/company/indepth-research-services"
  },
  {
    "a_date_farmed": "21/12/2024",
    "b_source": "10Times",
    "c_scraped_url": "https://10times.com/e100-drph-s2fg-8",
    "d": "New Lead",
    "e": "Opportunity",
    "f": "Juan",
    "g": "Juan",
    "h": "Lara",
    "i": "Scraping",
    "j": "EDU Business",
    "k": "EDU Events",
    "l": "",
    "m_date_of_event": "Sun, 27  - Wed, 30 Apr 2025",
    "n_event_name": "CCPS Risk-Based Process Safety Training",
    "o_description": "Followers",
    "p": "",
    "q": "",
    "r": "",
    "s_state_province": "Cairo, Egypt",
    "t": "egypt",
    "u": "[region]",
    "v": "",
    "w": "",
    "x": "",
    "y": "",
    "z": "",
    "aa": "",
    "ab_business_info": "",
    "ac_website": "",
    "ad": "",
    "ae": "",
    "af_country": "",
    "ag": "",
    "company_url": ""
  },
  {
    "a_date_farmed": "21/12/2024",
    "b_source": "10Times",
    "c_scraped_url": "https://10times.com/e1dr-gf3z-9p1k-9",
    "d": "New Lead",
    "e": "Opportunity",
    "f": "Juan",
    "g": "Juan",
    "h": "Lara",
    "i": "Scraping",
    "j": "EDU Business",
    "k": "EDU Events",
    "l": "",
    "m_date_of_event": "Mon, 05  - Fri, 09 May 2025",
    "n_event_name": "Development Core Skills for Administrators and Secretaries Course",
    "o_description": "Development Core Skills for Administrators & Secretaries Training Course enhances information handling, communication skills in emails, meetings, interviews, presentations. Offers strategies for dealing with difficult people, time management for better results.",
    "p": "",
    "q": "",
    "r": "",
    "s_state_province": "Cairo, Egypt",
    "t": "egypt",
    "u": "[region]",
    "v": "",
    "w": "",
    "x": "",
    "y": "",
    "z": "",
    "aa": "",
    "ab_business_info": "Indepth Research Services",
    "ac_website": "",
    "ad": "",
    "ae": "",
    "af_country": "Nigeria",
    "ag": "",
    "company_url": "https://10times.com/company/indepth-research-services"
  },
  {
    "a_date_farmed": "21/12/2024",
    "b_source": "10Times",
    "c_scraped_url": "https://10times.com/e13d-rgfz-7pz4-7",
    "d": "New Lead",
    "e": "Opportunity",
    "f": "Juan",
    "g": "Juan",
    "h": "Lara",
    "i": "Scraping",
    "j": "EDU Business",
    "k": "EDU Events",
    "l": "",
    "m_date_of_event": "Mon, 05  - Fri, 09 May 2025",
    "n_event_name": "Leadership and Management Skills for Political Leaders Training Course",
    "o_description": "",
    "p": "",
    "q": "",
    "r": "",
    "s_state_province": "",
    "t": "egypt",
    "u": "[region]",
    "v": "",
    "w": "",
    "x": "",
    "y": "",
    "z": "",
    "aa": "",
    "ab_business_info": "",
    "ac_website": "",
    "ad": "",
    "ae": "",
    "af_country": "",
    "ag": "",
    "company_url": ""
  },
  {
    "a_date_farmed": "21/12/2024",
    "b_source": "10Times",
    "c_scraped_url": "https://10times.com/icmep-cairo",
    "d": "New Lead",
    "e": "Opportunity",
    "f": "Juan",
    "g": "Juan",
    "h": "Lara",
    "i": "Scraping",
    "j": "EDU Business",
    "k": "EDU Events",
    "l": "",
    "m_date_of_event": "Mon, 12  - Thu, 15 May 2025",
    "n_event_name": "International Conference on Mathematics and Engineering Physics (ICMEP)",
    "o_description": "Followers",
    "p": "",
    "q": "",
    "r": "",
    "s_state_province": "Military Technical College, \t\t\t\t\t\t\t\t\t\t\tEl-Qobba Bridge, EgyptGet Directions",
    "t": "egypt",
    "u": "[region]",
    "v": "",
    "w": "",
    "x": "",
    "y": "",
    "z": "",
    "aa": "",
    "ab_business_info": "",
    "ac_website": "",
    "ad": "",
    "ae": "",
    "af_country": "",
    "ag": "",
    "company_url": ""
  },
  {
    "a_date_farmed": "21/12/2024",
    "b_source": "10Times",
    "c_scraped_url": "https://10times.com/e12d-dsf5-px1k-7",
    "d": "New Lead",
    "e": "Opportunity",
    "f": "Juan",
    "g": "Juan",
    "h": "Lara",
    "i": "Scraping",
    "j": "EDU Business",
    "k": "EDU Events",
    "l": "",
    "m_date_of_event": "Fri, 23  - Mon, 26 May 2025",
    "n_event_name": "IASTE Conference",
    "o_description": "Followers",
    "p": "",
    "q": "",
    "r": "",
    "s_state_province": "Bibliotheca Alexandrina Conference Center (BACC), Alexandria, EgyptGet Directions",
    "t": "egypt",
    "u": "[region]",
    "v": "",
    "w": "",
    "x": "",
    "y": "",
    "z": "",
    "aa": "",
    "ab_business_info": "",
    "ac_website": "",
    "ad": "",
    "ae": "",
    "af_country": "",
    "ag": "",
    "company_url": ""
  },
  {
    "a_date_farmed": "21/12/2024",
    "b_source": "10Times",
    "c_scraped_url": "https://10times.com/icess-cairo",
    "d": "New Lead",
    "e": "Opportunity",
    "f": "Juan",
    "g": "Juan",
    "h": "Lara",
    "i": "Scraping",
    "j": "EDU Business",
    "k": "EDU Events",
    "l": "",
    "m_date_of_event": "Wed, 11  - Thu, 12 Jun 2025",
    "n_event_name": "International Conference on Education and Social Science (ICESS)",
    "o_description": "",
    "p": "",
    "q": "",
    "r": "",
    "s_state_province": "",
    "t": "egypt",
    "u": "[region]",
    "v": "",
    "w": "",
    "x": "",
    "y": "",
    "z": "",
    "aa": "",
    "ab_business_info": "",
    "ac_website": "",
    "ad": "",
    "ae": "",
    "af_country": "",
    "ag": "",
    "company_url": ""
  },
  {
    "a_date_farmed": "21/12/2024",
    "b_source": "10Times",
    "c_scraped_url": "",
    "d": "New Lead",
    "e": "Opportunity",
    "f": "Juan",
    "g": "Juan",
    "h": "Lara",
    "i": "Scraping",
    "j": "EDU Business",
    "k": "EDU Events",
    "l": "",
    "m_date_of_event": "",
    "n_event_name": "",
    "o_description": "",
    "p": "",
    "q": "",
    "r": "",
    "s_state_province": "",
    "t": "egypt",
    "u": "[region]",
    "v": "",
    "w": "",
    "x": "",
    "y": "",
    "z": "",
    "aa": "",
    "ab_business_info": "",
    "ac_website": "",
    "ad": "",
    "ae": "",
    "af_country": "",
    "ag": ""
  },
  {
    "a_date_farmed": "21/12/2024",
    "b_source": "10Times",
    "c_scraped_url": "",
    "d": "New Lead",
    "e": "Opportunity",
    "f": "Juan",
    "g": "Juan",
    "h": "Lara",
    "i": "Scraping",
    "j": "EDU Business",
    "k": "EDU Events",
    "l": "",
    "m_date_of_event": "",
    "n_event_name": "",
    "o_description": "",
    "p": "",
    "q": "",
    "r": "",
    "s_state_province": "",
    "t": "egypt",
    "u": "[region]",
    "v": "",
    "w": "",
    "x": "",
    "y": "",
    "z": "",
    "aa": "",
    "ab_business_info": "",
    "ac_website": "",
    "ad": "",
    "ae": "",
    "af_country": "",
    "ag": ""
  }
]