[
  {
    "a_date_farmed": "21/12/2024",
    "b_source": "10Times",
    "c_scraped_url": "https://10times.com/e1d1-d8r2-3zrf-d",
    "d": "New Lead",
    "e": "Opportunity",
    "f": "Juan",
    "g": "Juan",
    "h": "Lara",
    "i": "Scraping",
    "j": "EDU Business",
    "k": "EDU Events",
    "l": "",
    "m_date_of_event": "Fri, 20 - Sun, 22 Dec 2024",
    "n_event_name": "International Conference on Advanced Research in Teaching and Education",
    "o_description": "Join us at FLT conference 2024 to connect with scholars in foreign language studies, collaborate on research projects, and explore new ideas in language teaching. Published abstracts and opportunities for journal publication. Visa support available for attendees. Strict anti-plagiarism policies in place.",
    "p": "",
    "q": "",
    "r": "",
    "s_state_province": "Berlin, Germany",
    "t": "germany",
    "u": "[region]",
    "v": "",
    "w": "",
    "x": "",
    "y": "",
    "z": "",
    "aa": "",
    "ab_business_info": "",
    "ac_website": "",
    "ad": "",
    "ae": "",
    "af_country": "",
    "ag": "",
    "company_url": ""
  },
  {
    "a_date_farmed": "21/12/2024",
    "b_source": "10Times",
    "c_scraped_url": "https://10times.com/e15d-dgxr-k5h5-9",
    "d": "New Lead",
    "e": "Opportunity",
    "f": "Juan",
    "g": "Juan",
    "h": "Lara",
    "i": "Scraping",
    "j": "EDU Business",
    "k": "EDU Events",
    "l": "",
    "m_date_of_event": "Fri, 20 - Sun, 22 Dec 2024",
    "n_event_name": "International Conference on Research in Social Sciences",
    "o_description": "Followers",
    "p": "",
    "q": "",
    "r": "",
    "s_state_province": "INNSiDE Berlin Mitte, Berlin, GermanyGet Directions",
    "t": "germany",
    "u": "[region]",
    "v": "",
    "w": "",
    "x": "",
    "y": "",
    "z": "",
    "aa": "",
    "ab_business_info": "",
    "ac_website": "",
    "ad": "",
    "ae": "",
    "af_country": "",
    "ag": "",
    "company_url": ""
  },
  {
    "a_date_farmed": "21/12/2024",
    "b_source": "10Times",
    "c_scraped_url": "",
    "d": "New Lead",
    "e": "Opportunity",
    "f": "Juan",
    "g": "Juan",
    "h": "Lara",
    "i": "Scraping",
    "j": "EDU Business",
    "k": "EDU Events",
    "l": "",
    "m_date_of_event": "",
    "n_event_name": "",
    "o_description": "",
    "p": "",
    "q": "",
    "r": "",
    "s_state_province": "",
    "t": "germany",
    "u": "[region]",
    "v": "",
    "w": "",
    "x": "",
    "y": "",
    "z": "",
    "aa": "",
    "ab_business_info": "",
    "ac_website": "",
    "ad": "",
    "ae": "",
    "af_country": "",
    "ag": ""
  },
  {
    "a_date_farmed": "21/12/2024",
    "b_source": "10Times",
    "c_scraped_url": "https://10times.com/ape",
    "d": "New Lead",
    "e": "Opportunity",
    "f": "Juan",
    "g": "Juan",
    "h": "Lara",
    "i": "Scraping",
    "j": "EDU Business",
    "k": "EDU Events",
    "l": "",
    "m_date_of_event": "Tue, 14 - Wed, 15 Jan 2025",
    "n_event_name": "APE Conference",
    "o_description": "Followers",
    "p": "",
    "q": "",
    "r": "",
    "s_state_province": "ESMT Berlin, Berlin, GermanyGet Directions",
    "t": "germany",
    "u": "[region]",
    "v": "",
    "w": "",
    "x": "",
    "y": "",
    "z": "",
    "aa": "",
    "ab_business_info": "",
    "ac_website": "",
    "ad": "",
    "ae": "",
    "af_country": "",
    "ag": "",
    "company_url": ""
  },
  {
    "a_date_farmed": "21/12/2024",
    "b_source": "10Times",
    "c_scraped_url": "",
    "d": "New Lead",
    "e": "Opportunity",
    "f": "Juan",
    "g": "Juan",
    "h": "Lara",
    "i": "Scraping",
    "j": "EDU Business",
    "k": "EDU Events",
    "l": "",
    "m_date_of_event": "",
    "n_event_name": "",
    "o_description": "",
    "p": "",
    "q": "",
    "r": "",
    "s_state_province": "",
    "t": "germany",
    "u": "[region]",
    "v": "",
    "w": "",
    "x": "",
    "y": "",
    "z": "",
    "aa": "",
    "ab_business_info": "",
    "ac_website": "",
    "ad": "",
    "ae": "",
    "af_country": "",
    "ag": ""
  },
  {
    "a_date_farmed": "21/12/2024",
    "b_source": "10Times",
    "c_scraped_url": "https://10times.com/e1sk-gp00-4f3p",
    "d": "New Lead",
    "e": "Opportunity",
    "f": "Juan",
    "g": "Juan",
    "h": "Lara",
    "i": "Scraping",
    "j": "EDU Business",
    "k": "EDU Events",
    "l": "",
    "m_date_of_event": "Wed, 08 - Thu, 09 Jan 2025",
    "n_event_name": "UX/Usability in Product Development Seminar",
    "o_description": "Followers",
    "p": "",
    "q": "",
    "r": "",
    "s_state_province": "relexa hotel Frankfurt/Main, Frankfurt, GermanyGet Directions",
    "t": "germany",
    "u": "[region]",
    "v": "",
    "w": "",
    "x": "",
    "y": "",
    "z": "",
    "aa": "",
    "ab_business_info": "VDI Wissensforum GmbH",
    "ac_website": "",
    "ad": "",
    "ae": "",
    "af_country": "Germany",
    "ag": "",
    "company_url": "https://10times.com/company/vdi-wissensforum-gmbh"
  },
  {
    "a_date_farmed": "21/12/2024",
    "b_source": "10Times",
    "c_scraped_url": "https://10times.com/e1ds-1g7x-3x6r-x",
    "d": "New Lead",
    "e": "Opportunity",
    "f": "Juan",
    "g": "Juan",
    "h": "Lara",
    "i": "Scraping",
    "j": "EDU Business",
    "k": "EDU Events",
    "l": "",
    "m_date_of_event": "Fri, 10 Jan 2025",
    "n_event_name": "Civil Engineering Day",
    "o_description": "Followers",
    "p": "",
    "q": "",
    "r": "",
    "s_state_province": "Nuremberg, Germany",
    "t": "germany",
    "u": "[region]",
    "v": "",
    "w": "",
    "x": "",
    "y": "",
    "z": "",
    "aa": "",
    "ab_business_info": "NurnbergMesse GmbH",
    "ac_website": "",
    "ad": "",
    "ae": "",
    "af_country": "Germany",
    "ag": "",
    "company_url": "https://10times.com/company/nurnbergmesse"
  },
  {
    "a_date_farmed": "21/12/2024",
    "b_source": "10Times",
    "c_scraped_url": "https://10times.com/e1k4-d1d0-f8dh",
    "d": "New Lead",
    "e": "Opportunity",
    "f": "Juan",
    "g": "Juan",
    "h": "Lara",
    "i": "Scraping",
    "j": "EDU Business",
    "k": "EDU Events",
    "l": "",
    "m_date_of_event": "Wed, 15 - Thu, 16 Jan 2025",
    "n_event_name": "Technical documentation with Microsoft Word (365)",
    "o_description": "Learn how to revolutionize your work with Microsoft Word by systematically using format and document templates. This seminar will teach you how to structure and standardize technical documentation, saving time and improving efficiency. Become a Word expert and take your work to the next level.",
    "p": "",
    "q": "",
    "r": "",
    "s_state_province": "dama.go GmbH München, Munich, GermanyGet Directions",
    "t": "germany",
    "u": "[region]",
    "v": "",
    "w": "",
    "x": "",
    "y": "",
    "z": "",
    "aa": "",
    "ab_business_info": "VDI Association of German Engineers",
    "ac_website": "",
    "ad": "",
    "ae": "",
    "af_country": "Germany",
    "ag": "",
    "company_url": "https://10times.com/company/vdi-association-of-german-engineers"
  },
  {
    "a_date_farmed": "21/12/2024",
    "b_source": "10Times",
    "c_scraped_url": "https://10times.com/e1dd-5gx3-r3k0-f",
    "d": "New Lead",
    "e": "Opportunity",
    "f": "Juan",
    "g": "Juan",
    "h": "Lara",
    "i": "Scraping",
    "j": "EDU Business",
    "k": "EDU Events",
    "l": "",
    "m_date_of_event": "Fri, 20 - Sun, 22 Dec 2024",
    "n_event_name": "International Conference on Research in Business, Management and Economics",
    "o_description": "ICRBME is a must-attend conference for management, business, and economics professionals. Join us to learn about trends and technological developments in these fields, exchange ideas, and network with experts from around the world. Don't miss this opportunity to amplify your knowledge and contribute to the academic community.",
    "p": "",
    "q": "",
    "r": "",
    "s_state_province": "INNSiDE Berlin Mitte, Berlin, GermanyGet Directions",
    "t": "germany",
    "u": "[region]",
    "v": "",
    "w": "",
    "x": "",
    "y": "",
    "z": "",
    "aa": "",
    "ab_business_info": "",
    "ac_website": "",
    "ad": "",
    "ae": "",
    "af_country": "",
    "ag": "",
    "company_url": ""
  },
  {
    "a_date_farmed": "21/12/2024",
    "b_source": "10Times",
    "c_scraped_url": "https://10times.com/azubi-studientage-leipzig",
    "d": "New Lead",
    "e": "Opportunity",
    "f": "Juan",
    "g": "Juan",
    "h": "Lara",
    "i": "Scraping",
    "j": "EDU Business",
    "k": "EDU Events",
    "l": "",
    "m_date_of_event": "Wed, 01 - Fri, 03 Jan 2025",
    "n_event_name": "Azubi & Studientage Leipzig",
    "o_description": "Followers",
    "p": "",
    "q": "",
    "r": "",
    "s_state_province": "Leipzig Trade Fair, Leipzig, GermanyGet Directions",
    "t": "germany",
    "u": "[region]",
    "v": "",
    "w": "",
    "x": "",
    "y": "",
    "z": "",
    "aa": "",
    "ab_business_info": "Messe & Marketing Gmbh",
    "ac_website": "",
    "ad": "",
    "ae": "",
    "af_country": "",
    "ag": "",
    "company_url": "https://10times.com/company/messe-mktg-gmbh"
  },
  {
    "a_date_farmed": "21/12/2024",
    "b_source": "10Times",
    "c_scraped_url": "https://10times.com/e1xg-28f1-hzr0",
    "d": "New Lead",
    "e": "Opportunity",
    "f": "Juan",
    "g": "Juan",
    "h": "Lara",
    "i": "Scraping",
    "j": "EDU Business",
    "k": "EDU Events",
    "l": "",
    "m_date_of_event": "Sun, 15 - Thu, 19 Dec 2024",
    "n_event_name": "Project Start-Up Seminar",
    "o_description": "",
    "p": "",
    "q": "",
    "r": "",
    "s_state_province": "",
    "t": "germany",
    "u": "[region]",
    "v": "",
    "w": "",
    "x": "",
    "y": "",
    "z": "",
    "aa": "",
    "ab_business_info": "",
    "ac_website": "",
    "ad": "",
    "ae": "",
    "af_country": "",
    "ag": "",
    "company_url": ""
  },
  {
    "a_date_farmed": "21/12/2024",
    "b_source": "10Times",
    "c_scraped_url": "https://10times.com/basic-knowledge-plastics-technology-seminar",
    "d": "New Lead",
    "e": "Opportunity",
    "f": "Juan",
    "g": "Juan",
    "h": "Lara",
    "i": "Scraping",
    "j": "EDU Business",
    "k": "EDU Events",
    "l": "",
    "m_date_of_event": "Thu, 09 - Fri, 10 Jan 2025",
    "n_event_name": "Basic Knowledge of Plastics Technology",
    "o_description": "",
    "p": "",
    "q": "",
    "r": "",
    "s_state_province": "",
    "t": "germany",
    "u": "[region]",
    "v": "",
    "w": "",
    "x": "",
    "y": "",
    "z": "",
    "aa": "",
    "ab_business_info": "",
    "ac_website": "",
    "ad": "",
    "ae": "",
    "af_country": "",
    "ag": "",
    "company_url": ""
  },
  {
    "a_date_farmed": "21/12/2024",
    "b_source": "10Times",
    "c_scraped_url": "https://10times.com/e1z5-0h4z-1zxd",
    "d": "New Lead",
    "e": "Opportunity",
    "f": "Juan",
    "g": "Juan",
    "h": "Lara",
    "i": "Scraping",
    "j": "EDU Business",
    "k": "EDU Events",
    "l": "",
    "m_date_of_event": "Tue, 14 - Wed, 15 Jan 2025",
    "n_event_name": "Modern Leadership in Transition",
    "o_description": "This event focuses on modern leadership in a changing world, emphasizing communication, empathy, and creativity as key competencies. Participants will learn about the VUCA world, effective leadership tools, and how to lead teams through change. Interactive sessions, role-playing, and practical exercises will enhance learning and application in the workplace.",
    "p": "",
    "q": "",
    "r": "",
    "s_state_province": "Hotel NH Dusseldorf City Nord, Düsseldorf, GermanyGet Directions",
    "t": "germany",
    "u": "[region]",
    "v": "",
    "w": "",
    "x": "",
    "y": "",
    "z": "",
    "aa": "",
    "ab_business_info": "VDI Wissensforum GmbH",
    "ac_website": "",
    "ad": "",
    "ae": "",
    "af_country": "Germany",
    "ag": "",
    "company_url": "https://10times.com/company/vdi-wissensforum-gmbh"
  },
  {
    "a_date_farmed": "21/12/2024",
    "b_source": "10Times",
    "c_scraped_url": "https://10times.com/e1k2-5s36-psxh",
    "d": "New Lead",
    "e": "Opportunity",
    "f": "Juan",
    "g": "Juan",
    "h": "Lara",
    "i": "Scraping",
    "j": "EDU Business",
    "k": "EDU Events",
    "l": "",
    "m_date_of_event": "Tue, 07 - Wed, 08 Jan 2025",
    "n_event_name": "Lead technical projects",
    "o_description": "Followers",
    "p": "",
    "q": "",
    "r": "",
    "s_state_province": "Mercure Hotel Mannheim am Rathaus, \t\t\t\t\t\t\t\t\t\t\tMannheim, GermanyGet Directions",
    "t": "germany",
    "u": "[region]",
    "v": "",
    "w": "",
    "x": "",
    "y": "",
    "z": "",
    "aa": "",
    "ab_business_info": "VDI Association of German Engineers",
    "ac_website": "",
    "ad": "",
    "ae": "",
    "af_country": "",
    "ag": "",
    "company_url": "https://10times.com/company/vdi-association-of-german-engineers"
  },
  {
    "a_date_farmed": "21/12/2024",
    "b_source": "10Times",
    "c_scraped_url": "https://10times.com/e107-xhxd-r3g8",
    "d": "New Lead",
    "e": "Opportunity",
    "f": "Juan",
    "g": "Juan",
    "h": "Lara",
    "i": "Scraping",
    "j": "EDU Business",
    "k": "EDU Events",
    "l": "",
    "m_date_of_event": "Sun, 22 Dec 2024 - Thu, 02 Jan 2025",
    "n_event_name": "The Essentials of Leadership and Management",
    "o_description": "",
    "p": "",
    "q": "",
    "r": "",
    "s_state_province": "",
    "t": "germany",
    "u": "[region]",
    "v": "",
    "w": "",
    "x": "",
    "y": "",
    "z": "",
    "aa": "",
    "ab_business_info": "",
    "ac_website": "",
    "ad": "",
    "ae": "",
    "af_country": "",
    "ag": "",
    "company_url": ""
  },
  {
    "a_date_farmed": "21/12/2024",
    "b_source": "10Times",
    "c_scraped_url": "",
    "d": "New Lead",
    "e": "Opportunity",
    "f": "Juan",
    "g": "Juan",
    "h": "Lara",
    "i": "Scraping",
    "j": "EDU Business",
    "k": "EDU Events",
    "l": "",
    "m_date_of_event": "",
    "n_event_name": "",
    "o_description": "",
    "p": "",
    "q": "",
    "r": "",
    "s_state_province": "",
    "t": "germany",
    "u": "[region]",
    "v": "",
    "w": "",
    "x": "",
    "y": "",
    "z": "",
    "aa": "",
    "ab_business_info": "",
    "ac_website": "",
    "ad": "",
    "ae": "",
    "af_country": "",
    "ag": ""
  },
  {
    "a_date_farmed": "21/12/2024",
    "b_source": "10Times",
    "c_scraped_url": "https://10times.com/job-fair-health-care",
    "d": "New Lead",
    "e": "Opportunity",
    "f": "Juan",
    "g": "Juan",
    "h": "Lara",
    "i": "Scraping",
    "j": "EDU Business",
    "k": "EDU Events",
    "l": "",
    "m_date_of_event": "Wed, 29 - Thu, 30 Jan 2025",
    "n_event_name": "Job Fair Health & Care",
    "o_description": "This event is a job fair that aims to connect job seekers with employers. It provides information and assistance regarding job search, further education, and other related topics. It is organized by the Agency for Employment and the local government.",
    "p": "",
    "q": "",
    "r": "",
    "s_state_province": "Freiburg Wirtschaft Touristik & Messe GmbH & Co. KG, \t\t\t\t\t\t\t\t\t\t\tFreiburg, GermanyGet Directions",
    "t": "germany",
    "u": "[region]",
    "v": "",
    "w": "",
    "x": "",
    "y": "",
    "z": "",
    "aa": "",
    "ab_business_info": "FWTM GmbH & Co. KG",
    "ac_website": "",
    "ad": "",
    "ae": "",
    "af_country": "Germany",
    "ag": "",
    "company_url": "https://10times.com/company/fwtm-gmbh-co"
  },
  {
    "a_date_farmed": "21/12/2024",
    "b_source": "10Times",
    "c_scraped_url": "https://10times.com/e1s3-9x2z-4ggs",
    "d": "New Lead",
    "e": "Opportunity",
    "f": "Juan",
    "g": "Juan",
    "h": "Lara",
    "i": "Scraping",
    "j": "EDU Business",
    "k": "EDU Events",
    "l": "",
    "m_date_of_event": "Tue, 21 - Wed, 22 Jan 2025",
    "n_event_name": "Basics of Ventilation and Air Conditioning Technology",
    "o_description": "",
    "p": "",
    "q": "",
    "r": "",
    "s_state_province": "",
    "t": "germany",
    "u": "[region]",
    "v": "",
    "w": "",
    "x": "",
    "y": "",
    "z": "",
    "aa": "",
    "ab_business_info": "",
    "ac_website": "",
    "ad": "",
    "ae": "",
    "af_country": "",
    "ag": "",
    "company_url": ""
  },
  {
    "a_date_farmed": "21/12/2024",
    "b_source": "10Times",
    "c_scraped_url": "https://10times.com/e1z3-d4z3-z0dp",
    "d": "New Lead",
    "e": "Opportunity",
    "f": "Juan",
    "g": "Juan",
    "h": "Lara",
    "i": "Scraping",
    "j": "EDU Business",
    "k": "EDU Events",
    "l": "",
    "m_date_of_event": "Wed, 18 Dec 2024",
    "n_event_name": "Corporations in International Tax Law",
    "o_description": "",
    "p": "",
    "q": "",
    "r": "",
    "s_state_province": "",
    "t": "germany",
    "u": "[region]",
    "v": "",
    "w": "",
    "x": "",
    "y": "",
    "z": "",
    "aa": "",
    "ab_business_info": "",
    "ac_website": "",
    "ad": "",
    "ae": "",
    "af_country": "",
    "ag": "",
    "company_url": ""
  },
  {
    "a_date_farmed": "21/12/2024",
    "b_source": "10Times",
    "c_scraped_url": "https://10times.com/e14d-sgx9-ghf2-3",
    "d": "New Lead",
    "e": "Opportunity",
    "f": "Juan",
    "g": "Juan",
    "h": "Lara",
    "i": "Scraping",
    "j": "EDU Business",
    "k": "EDU Events",
    "l": "",
    "m_date_of_event": "Sun, 22 Dec 2024 - Thu, 02 Jan 2025",
    "n_event_name": "Primavera P6 Professional Fundamentals and Administration",
    "o_description": "",
    "p": "",
    "q": "",
    "r": "",
    "s_state_province": "",
    "t": "germany",
    "u": "[region]",
    "v": "",
    "w": "",
    "x": "",
    "y": "",
    "z": "",
    "aa": "",
    "ab_business_info": "",
    "ac_website": "",
    "ad": "",
    "ae": "",
    "af_country": "",
    "ag": "",
    "company_url": ""
  },
  {
    "a_date_farmed": "21/12/2024",
    "b_source": "10Times",
    "c_scraped_url": "https://10times.com/e1r0-419d-hfzp",
    "d": "New Lead",
    "e": "Opportunity",
    "f": "Juan",
    "g": "Juan",
    "h": "Lara",
    "i": "Scraping",
    "j": "EDU Business",
    "k": "EDU Events",
    "l": "",
    "m_date_of_event": "Mon, 06 - Tue, 07 Jan 2025",
    "n_event_name": "Hydrogen: Production, Use and Technologies",
    "o_description": "",
    "p": "",
    "q": "",
    "r": "",
    "s_state_province": "",
    "t": "germany",
    "u": "[region]",
    "v": "",
    "w": "",
    "x": "",
    "y": "",
    "z": "",
    "aa": "",
    "ab_business_info": "",
    "ac_website": "",
    "ad": "",
    "ae": "",
    "af_country": "",
    "ag": "",
    "company_url": ""
  },
  {
    "a_date_farmed": "21/12/2024",
    "b_source": "10Times",
    "c_scraped_url": "https://10times.com/methods-efficient-product-development",
    "d": "New Lead",
    "e": "Opportunity",
    "f": "Juan",
    "g": "Juan",
    "h": "Lara",
    "i": "Scraping",
    "j": "EDU Business",
    "k": "EDU Events",
    "l": "",
    "m_date_of_event": "Thu, 09 - Fri, 10 Jan 2025",
    "n_event_name": "Methods of Efficient Product Development",
    "o_description": "",
    "p": "",
    "q": "",
    "r": "",
    "s_state_province": "",
    "t": "germany",
    "u": "[region]",
    "v": "",
    "w": "",
    "x": "",
    "y": "",
    "z": "",
    "aa": "",
    "ab_business_info": "",
    "ac_website": "",
    "ad": "",
    "ae": "",
    "af_country": "",
    "ag": "",
    "company_url": ""
  },
  {
    "a_date_farmed": "21/12/2024",
    "b_source": "10Times",
    "c_scraped_url": "https://10times.com/e10k-dfk9-zh57",
    "d": "New Lead",
    "e": "Opportunity",
    "f": "Juan",
    "g": "Juan",
    "h": "Lara",
    "i": "Scraping",
    "j": "EDU Business",
    "k": "EDU Events",
    "l": "",
    "m_date_of_event": "Mon, 13 - Tue, 14 Jan 2025",
    "n_event_name": "Lead Excellently",
    "o_description": "",
    "p": "",
    "q": "",
    "r": "",
    "s_state_province": "",
    "t": "germany",
    "u": "[region]",
    "v": "",
    "w": "",
    "x": "",
    "y": "",
    "z": "",
    "aa": "",
    "ab_business_info": "",
    "ac_website": "",
    "ad": "",
    "ae": "",
    "af_country": "",
    "ag": "",
    "company_url": ""
  },
  {
    "a_date_farmed": "21/12/2024",
    "b_source": "10Times",
    "c_scraped_url": "https://10times.com/didacta-die-bildungsmesse-stuttgart",
    "d": "New Lead",
    "e": "Opportunity",
    "f": "Juan",
    "g": "Juan",
    "h": "Lara",
    "i": "Scraping",
    "j": "EDU Business",
    "k": "EDU Events",
    "l": "",
    "m_date_of_event": "Tue, 11 - Sat, 15 Feb 2025",
    "n_event_name": "Didacta - The Education Fair",
    "o_description": "",
    "p": "",
    "q": "",
    "r": "",
    "s_state_province": "",
    "t": "germany",
    "u": "[region]",
    "v": "",
    "w": "",
    "x": "",
    "y": "",
    "z": "",
    "aa": "",
    "ab_business_info": "",
    "ac_website": "",
    "ad": "",
    "ae": "",
    "af_country": "",
    "ag": "",
    "company_url": ""
  },
  {
    "a_date_farmed": "21/12/2024",
    "b_source": "10Times",
    "c_scraped_url": "",
    "d": "New Lead",
    "e": "Opportunity",
    "f": "Juan",
    "g": "Juan",
    "h": "Lara",
    "i": "Scraping",
    "j": "EDU Business",
    "k": "EDU Events",
    "l": "",
    "m_date_of_event": "",
    "n_event_name": "",
    "o_description": "",
    "p": "",
    "q": "",
    "r": "",
    "s_state_province": "",
    "t": "germany",
    "u": "[region]",
    "v": "",
    "w": "",
    "x": "",
    "y": "",
    "z": "",
    "aa": "",
    "ab_business_info": "",
    "ac_website": "",
    "ad": "",
    "ae": "",
    "af_country": "",
    "ag": ""
  },
  {
    "a_date_farmed": "21/12/2024",
    "b_source": "10Times",
    "c_scraped_url": "https://10times.com/jumiko",
    "d": "New Lead",
    "e": "Opportunity",
    "f": "Juan",
    "g": "Juan",
    "h": "Lara",
    "i": "Scraping",
    "j": "EDU Business",
    "k": "EDU Events",
    "l": "",
    "m_date_of_event": "Sun, 05 Jan 2025",
    "n_event_name": "JuMiKo",
    "o_description": "Followers",
    "p": "",
    "q": "",
    "r": "",
    "s_state_province": "Messe Stuttgart, Stuttgart, GermanyGet Directions",
    "t": "germany",
    "u": "[region]",
    "v": "",
    "w": "",
    "x": "",
    "y": "",
    "z": "",
    "aa": "",
    "ab_business_info": "",
    "ac_website": "",
    "ad": "",
    "ae": "",
    "af_country": "",
    "ag": "",
    "company_url": ""
  },
  {
    "a_date_farmed": "21/12/2024",
    "b_source": "10Times",
    "c_scraped_url": "",
    "d": "New Lead",
    "e": "Opportunity",
    "f": "Juan",
    "g": "Juan",
    "h": "Lara",
    "i": "Scraping",
    "j": "EDU Business",
    "k": "EDU Events",
    "l": "",
    "m_date_of_event": "",
    "n_event_name": "",
    "o_description": "",
    "p": "",
    "q": "",
    "r": "",
    "s_state_province": "",
    "t": "germany",
    "u": "[region]",
    "v": "",
    "w": "",
    "x": "",
    "y": "",
    "z": "",
    "aa": "",
    "ab_business_info": "",
    "ac_website": "",
    "ad": "",
    "ae": "",
    "af_country": "",
    "ag": ""
  },
  {
    "a_date_farmed": "21/12/2024",
    "b_source": "10Times",
    "c_scraped_url": "https://10times.com/jubi-youth-frankfurt",
    "d": "New Lead",
    "e": "Opportunity",
    "f": "Juan",
    "g": "Juan",
    "h": "Lara",
    "i": "Scraping",
    "j": "EDU Business",
    "k": "EDU Events",
    "l": "",
    "m_date_of_event": "Sat, 22 Feb 2025",
    "n_event_name": "Jubi - Youth Education Fair Frankfurt",
    "o_description": "Followers",
    "p": "",
    "q": "",
    "r": "",
    "s_state_province": "Lessing-Gymnasium, Frankfurt, GermanyGet Directions",
    "t": "germany",
    "u": "[region]",
    "v": "",
    "w": "",
    "x": "",
    "y": "",
    "z": "",
    "aa": "",
    "ab_business_info": "Weltweiser",
    "ac_website": "",
    "ad": "",
    "ae": "",
    "af_country": "",
    "ag": "",
    "company_url": "https://10times.com/company/http-www-weltweiser-de"
  },
  {
    "a_date_farmed": "21/12/2024",
    "b_source": "10Times",
    "c_scraped_url": "",
    "d": "New Lead",
    "e": "Opportunity",
    "f": "Juan",
    "g": "Juan",
    "h": "Lara",
    "i": "Scraping",
    "j": "EDU Business",
    "k": "EDU Events",
    "l": "",
    "m_date_of_event": "",
    "n_event_name": "",
    "o_description": "",
    "p": "",
    "q": "",
    "r": "",
    "s_state_province": "",
    "t": "germany",
    "u": "[region]",
    "v": "",
    "w": "",
    "x": "",
    "y": "",
    "z": "",
    "aa": "",
    "ab_business_info": "",
    "ac_website": "",
    "ad": "",
    "ae": "",
    "af_country": "",
    "ag": ""
  },
  {
    "a_date_farmed": "21/12/2024",
    "b_source": "10Times",
    "c_scraped_url": "https://10times.com/e1z4-63h7-zzkz",
    "d": "New Lead",
    "e": "Opportunity",
    "f": "Juan",
    "g": "Juan",
    "h": "Lara",
    "i": "Scraping",
    "j": "EDU Business",
    "k": "EDU Events",
    "l": "",
    "m_date_of_event": "Mon, 06 Jan 2025",
    "n_event_name": "Current Problems and Case Law on HOAI",
    "o_description": "Easily manage bookings in your customer account. Download event materials and learn about the HOAI, including its limitations, opportunities, and possibilities. Dr. jur. Reinhard Voppel will present various topics and case studies, discussing appropriate fees and honoring agreements.",
    "p": "",
    "q": "",
    "r": "",
    "s_state_province": "relexa hotel Frankfurt/Main, Frankfurt, GermanyGet Directions",
    "t": "germany",
    "u": "[region]",
    "v": "",
    "w": "",
    "x": "",
    "y": "",
    "z": "",
    "aa": "",
    "ab_business_info": "VDI Wissensforum GmbH",
    "ac_website": "",
    "ad": "",
    "ae": "",
    "af_country": "Germany",
    "ag": "",
    "company_url": "https://10times.com/company/vdi-wissensforum-gmbh"
  },
  {
    "a_date_farmed": "21/12/2024",
    "b_source": "10Times",
    "c_scraped_url": "https://10times.com/e1x0-h8x2-d1rs",
    "d": "New Lead",
    "e": "Opportunity",
    "f": "Juan",
    "g": "Juan",
    "h": "Lara",
    "i": "Scraping",
    "j": "EDU Business",
    "k": "EDU Events",
    "l": "",
    "m_date_of_event": "Sun, 22 Dec 2024 - Thu, 02 Jan 2025",
    "n_event_name": "The Essentials of Leadership and Management",
    "o_description": "Followers",
    "p": "",
    "q": "",
    "r": "",
    "s_state_province": "Berlin, Germany",
    "t": "germany",
    "u": "[region]",
    "v": "",
    "w": "",
    "x": "",
    "y": "",
    "z": "",
    "aa": "",
    "ab_business_info": "BMC Training",
    "ac_website": "",
    "ad": "",
    "ae": "",
    "af_country": "UK",
    "ag": "",
    "company_url": "https://10times.com/company/bmc-training"
  },
  {
    "a_date_farmed": "21/12/2024",
    "b_source": "10Times",
    "c_scraped_url": "https://10times.com/e1kx-k25r-12gg",
    "d": "New Lead",
    "e": "Opportunity",
    "f": "Juan",
    "g": "Juan",
    "h": "Lara",
    "i": "Scraping",
    "j": "EDU Business",
    "k": "EDU Events",
    "l": "",
    "m_date_of_event": "Tue, 07 - Wed, 08 Jan 2025",
    "n_event_name": "Friction and Wear-Friendly Design in Practice",
    "o_description": "Easily manage your bookings and access event materials in your customer account. This seminar teaches engineers practical rules and tools for friction and wear-based design. Apply what you learn in a half-day workshop. Understand how friction and wear occur in machine parts, learn about common wear mechanisms, and discover industrial solutions. Assess the cost-effectiveness of wear protection measures and understand causes of damage. This seminar can also be taken as an elective module in the           ..          continue reading            VDI test engineer certificate program. Topics covered include: [list topics]. In the afternoon, there will be a workshop to work on practical cases. Bring your own cases in the form of plans, physical components, or hand sketches. This seminar is aimed at [target audience]. Dr. Borel, an experienced materials and design consultant, will be the speaker. This seminar also provides foundational knowledge of corrosion and an overview of coatings and overlays.",
    "p": "",
    "q": "",
    "r": "",
    "s_state_province": "Mercure Hotel München Airport Freising, \t\t\t\t\t\t\t\t\t\t\tFreising, GermanyGet Directions",
    "t": "germany",
    "u": "[region]",
    "v": "",
    "w": "",
    "x": "",
    "y": "",
    "z": "",
    "aa": "",
    "ab_business_info": "VDI Association of German Engineers",
    "ac_website": "",
    "ad": "",
    "ae": "",
    "af_country": "Germany",
    "ag": "",
    "company_url": "https://10times.com/company/vdi-association-of-german-engineers"
  },
  {
    "a_date_farmed": "21/12/2024",
    "b_source": "10Times",
    "c_scraped_url": "https://10times.com/e1kr-h520-8hhf",
    "d": "New Lead",
    "e": "Opportunity",
    "f": "Juan",
    "g": "Juan",
    "h": "Lara",
    "i": "Scraping",
    "j": "EDU Business",
    "k": "EDU Events",
    "l": "",
    "m_date_of_event": "Sat, 04 Jan 2025",
    "n_event_name": "Kyiv Grand Ballet - Swan Lake",
    "o_description": "Experience the purest form of classical ballet art with the Kiew Grand Ballet, led by Alexander Stoyanov. This internationally acclaimed ensemble has captivated audiences from Paris to New York with their award-winning dancers. Don't miss their performance of Tchaikovsky's masterpiece \"Swan Lake\" in Germany and Switzerland.",
    "p": "",
    "q": "",
    "r": "",
    "s_state_province": "Freiburg Concert Hall, \t\t\t\t\t\t\t\t\t\t\tFreiburg, GermanyGet Directions",
    "t": "germany",
    "u": "[region]",
    "v": "",
    "w": "",
    "x": "",
    "y": "",
    "z": "",
    "aa": "",
    "ab_business_info": "",
    "ac_website": "",
    "ad": "",
    "ae": "",
    "af_country": "",
    "ag": "",
    "company_url": ""
  },
  {
    "a_date_farmed": "21/12/2024",
    "b_source": "10Times",
    "c_scraped_url": "https://10times.com/e1s5-k4z1-p4dr",
    "d": "New Lead",
    "e": "Opportunity",
    "f": "Juan",
    "g": "Juan",
    "h": "Lara",
    "i": "Scraping",
    "j": "EDU Business",
    "k": "EDU Events",
    "l": "",
    "m_date_of_event": "Mon, 27 - Tue, 28 Jan 2025",
    "n_event_name": "Digital Leadership Leadership in The Digital Age Seminar",
    "o_description": "Followers",
    "p": "",
    "q": "",
    "r": "",
    "s_state_province": "Holiday Inn Berlin - City West, Berlin, GermanyGet Directions",
    "t": "germany",
    "u": "[region]",
    "v": "",
    "w": "",
    "x": "",
    "y": "",
    "z": "",
    "aa": "",
    "ab_business_info": "VDI Group",
    "ac_website": "",
    "ad": "",
    "ae": "",
    "af_country": "Germany",
    "ag": "",
    "company_url": "https://10times.com/company/vdi-group"
  },
  {
    "a_date_farmed": "21/12/2024",
    "b_source": "10Times",
    "c_scraped_url": "https://10times.com/e1r5-4d22-dxzk",
    "d": "New Lead",
    "e": "Opportunity",
    "f": "Juan",
    "g": "Juan",
    "h": "Lara",
    "i": "Scraping",
    "j": "EDU Business",
    "k": "EDU Events",
    "l": "",
    "m_date_of_event": "Tue, 14 - Wed, 15 Jan 2025",
    "n_event_name": "Methods of Efficient Product Development",
    "o_description": "",
    "p": "",
    "q": "",
    "r": "",
    "s_state_province": "",
    "t": "germany",
    "u": "[region]",
    "v": "",
    "w": "",
    "x": "",
    "y": "",
    "z": "",
    "aa": "",
    "ab_business_info": "",
    "ac_website": "",
    "ad": "",
    "ae": "",
    "af_country": "",
    "ag": "",
    "company_url": ""
  },
  {
    "a_date_farmed": "21/12/2024",
    "b_source": "10Times",
    "c_scraped_url": "https://10times.com/bonner-hochschulmesse",
    "d": "New Lead",
    "e": "Opportunity",
    "f": "Juan",
    "g": "Juan",
    "h": "Lara",
    "i": "Scraping",
    "j": "EDU Business",
    "k": "EDU Events",
    "l": "",
    "m_date_of_event": "Wed, 08 Jan 2025",
    "n_event_name": "Bonner Hochschulmesse",
    "o_description": "",
    "p": "",
    "q": "",
    "r": "",
    "s_state_province": "",
    "t": "germany",
    "u": "[region]",
    "v": "",
    "w": "",
    "x": "",
    "y": "",
    "z": "",
    "aa": "",
    "ab_business_info": "",
    "ac_website": "",
    "ad": "",
    "ae": "",
    "af_country": "",
    "ag": "",
    "company_url": ""
  },
  {
    "a_date_farmed": "21/12/2024",
    "b_source": "10Times",
    "c_scraped_url": "https://10times.com/e1d1-005d-zxxk-d",
    "d": "New Lead",
    "e": "Opportunity",
    "f": "Juan",
    "g": "Juan",
    "h": "Lara",
    "i": "Scraping",
    "j": "EDU Business",
    "k": "EDU Events",
    "l": "",
    "m_date_of_event": "Tue, 14 - Wed, 15 Jan 2025",
    "n_event_name": "Wastewater Treatment, Resource Recovery, and Cost Reduction",
    "o_description": "",
    "p": "",
    "q": "",
    "r": "",
    "s_state_province": "",
    "t": "germany",
    "u": "[region]",
    "v": "",
    "w": "",
    "x": "",
    "y": "",
    "z": "",
    "aa": "",
    "ab_business_info": "",
    "ac_website": "",
    "ad": "",
    "ae": "",
    "af_country": "",
    "ag": "",
    "company_url": ""
  },
  {
    "a_date_farmed": "21/12/2024",
    "b_source": "10Times",
    "c_scraped_url": "https://10times.com/job-fair-kiel",
    "d": "New Lead",
    "e": "Opportunity",
    "f": "Juan",
    "g": "Juan",
    "h": "Lara",
    "i": "Scraping",
    "j": "EDU Business",
    "k": "EDU Events",
    "l": "",
    "m_date_of_event": "Sat, 25 - Sun, 26 Jan 2025",
    "n_event_name": "job fair hamburg",
    "o_description": "",
    "p": "",
    "q": "",
    "r": "",
    "s_state_province": "",
    "t": "germany",
    "u": "[region]",
    "v": "",
    "w": "",
    "x": "",
    "y": "",
    "z": "",
    "aa": "",
    "ab_business_info": "",
    "ac_website": "",
    "ad": "",
    "ae": "",
    "af_country": "",
    "ag": "",
    "company_url": ""
  },
  {
    "a_date_farmed": "21/12/2024",
    "b_source": "10Times",
    "c_scraped_url": "https://10times.com/frankfurt-job-fair",
    "d": "New Lead",
    "e": "Opportunity",
    "f": "Juan",
    "g": "Juan",
    "h": "Lara",
    "i": "Scraping",
    "j": "EDU Business",
    "k": "EDU Events",
    "l": "",
    "m_date_of_event": "Sat, 01 Mar 2025",
    "n_event_name": "Frankfurt Job Fair",
    "o_description": "",
    "p": "",
    "q": "",
    "r": "",
    "s_state_province": "",
    "t": "germany",
    "u": "[region]",
    "v": "",
    "w": "",
    "x": "",
    "y": "",
    "z": "",
    "aa": "",
    "ab_business_info": "",
    "ac_website": "",
    "ad": "",
    "ae": "",
    "af_country": "",
    "ag": "",
    "company_url": ""
  },
  {
    "a_date_farmed": "21/12/2024",
    "b_source": "10Times",
    "c_scraped_url": "",
    "d": "New Lead",
    "e": "Opportunity",
    "f": "Juan",
    "g": "Juan",
    "h": "Lara",
    "i": "Scraping",
    "j": "EDU Business",
    "k": "EDU Events",
    "l": "",
    "m_date_of_event": "",
    "n_event_name": "",
    "o_description": "",
    "p": "",
    "q": "",
    "r": "",
    "s_state_province": "",
    "t": "germany",
    "u": "[region]",
    "v": "",
    "w": "",
    "x": "",
    "y": "",
    "z": "",
    "aa": "",
    "ab_business_info": "",
    "ac_website": "",
    "ad": "",
    "ae": "",
    "af_country": "",
    "ag": ""
  },
  {
    "a_date_farmed": "21/12/2024",
    "b_source": "10Times",
    "c_scraped_url": "https://10times.com/code-days-munich",
    "d": "New Lead",
    "e": "Opportunity",
    "f": "Juan",
    "g": "Juan",
    "h": "Lara",
    "i": "Scraping",
    "j": "EDU Business",
    "k": "EDU Events",
    "l": "",
    "m_date_of_event": "Tue, 04 - Thu, 06 Feb 2025",
    "n_event_name": "Code Days",
    "o_description": "Followers",
    "p": "",
    "q": "",
    "r": "",
    "s_state_province": "ICM, Munich, GermanyGet Directions",
    "t": "germany",
    "u": "[region]",
    "v": "",
    "w": "",
    "x": "",
    "y": "",
    "z": "",
    "aa": "",
    "ab_business_info": "Sigs Datacom Gmbh",
    "ac_website": "",
    "ad": "",
    "ae": "",
    "af_country": "Germany",
    "ag": "",
    "company_url": "https://10times.com/company/sigs-datacom-gmbh"
  },
  {
    "a_date_farmed": "21/12/2024",
    "b_source": "10Times",
    "c_scraped_url": "https://10times.com/world-money-fair-berlin",
    "d": "New Lead",
    "e": "Opportunity",
    "f": "Juan",
    "g": "Juan",
    "h": "Lara",
    "i": "Scraping",
    "j": "EDU Business",
    "k": "EDU Events",
    "l": "",
    "m_date_of_event": "Thu, 30 Jan - Sat, 01 Feb 2025",
    "n_event_name": "World Money Fair",
    "o_description": "Followers",
    "p": "",
    "q": "",
    "r": "",
    "s_state_province": "Estrel Berlin, Berlin, GermanyGet Directions",
    "t": "germany",
    "u": "[region]",
    "v": "",
    "w": "",
    "x": "",
    "y": "",
    "z": "",
    "aa": "",
    "ab_business_info": "World Money Fair Berlin GmbH",
    "ac_website": "",
    "ad": "",
    "ae": "",
    "af_country": "Germany",
    "ag": "",
    "company_url": "https://10times.com/company/world-money-fair"
  },
  {
    "a_date_farmed": "21/12/2024",
    "b_source": "10Times",
    "c_scraped_url": "https://10times.com/e142-kkkg-0fk9",
    "d": "New Lead",
    "e": "Opportunity",
    "f": "Juan",
    "g": "Juan",
    "h": "Lara",
    "i": "Scraping",
    "j": "EDU Business",
    "k": "EDU Events",
    "l": "",
    "m_date_of_event": "Sun, 23 - Tue, 25 Mar 2025",
    "n_event_name": "World Conference on Social Sciences and Humanities (SHCONF)",
    "o_description": "\"SHCONF Is Not Like Other Social Sciences Conferences\"Join SHCONF social studies conferences in 2025 featuring knowledgeable speakers in Politics, Law, Communication Studies, Psychology, Geography, History, Education, Sociology, and Anthropology. Engage with thought leaders, scholars, and researchers from around the world to discuss social and ethical issues, family research, and international affairs.",
    "p": "",
    "q": "",
    "r": "",
    "s_state_province": "Steigenberger Hotel München, Munich, GermanyGet Directions",
    "t": "germany",
    "u": "[region]",
    "v": "",
    "w": "",
    "x": "",
    "y": "",
    "z": "",
    "aa": "",
    "ab_business_info": "",
    "ac_website": "",
    "ad": "",
    "ae": "",
    "af_country": "",
    "ag": "",
    "company_url": ""
  },
  {
    "a_date_farmed": "21/12/2024",
    "b_source": "10Times",
    "c_scraped_url": "https://10times.com/e1xf-4xf6-d02r",
    "d": "New Lead",
    "e": "Opportunity",
    "f": "Juan",
    "g": "Juan",
    "h": "Lara",
    "i": "Scraping",
    "j": "EDU Business",
    "k": "EDU Events",
    "l": "",
    "m_date_of_event": "Thu, 23 - Fri, 24 Jan 2025",
    "n_event_name": "World Class Workforce Transformation Conference",
    "o_description": "Followers",
    "p": "",
    "q": "",
    "r": "",
    "s_state_province": "Leonardo Hotel Frankfurt City South, Frankfurt, GermanyGet Directions",
    "t": "germany",
    "u": "[region]",
    "v": "",
    "w": "",
    "x": "",
    "y": "",
    "z": "",
    "aa": "",
    "ab_business_info": "World Class Business Leaders",
    "ac_website": "",
    "ad": "",
    "ae": "",
    "af_country": "USA",
    "ag": "",
    "company_url": "https://10times.com/company/world-class-business-leaders"
  },
  {
    "a_date_farmed": "21/12/2024",
    "b_source": "10Times",
    "c_scraped_url": "https://10times.com/e1kd-d43f-g47f",
    "d": "New Lead",
    "e": "Opportunity",
    "f": "Juan",
    "g": "Juan",
    "h": "Lara",
    "i": "Scraping",
    "j": "EDU Business",
    "k": "EDU Events",
    "l": "",
    "m_date_of_event": "Tue, 14 - Wed, 15 Jan 2025",
    "n_event_name": "Time management and conscious work organization",
    "o_description": "Followers",
    "p": "",
    "q": "",
    "r": "",
    "s_state_province": "Mercure Hotel Mannheim am Rathaus, \t\t\t\t\t\t\t\t\t\t\tMannheim, GermanyGet Directions",
    "t": "germany",
    "u": "[region]",
    "v": "",
    "w": "",
    "x": "",
    "y": "",
    "z": "",
    "aa": "",
    "ab_business_info": "VDI Association of German Engineers",
    "ac_website": "",
    "ad": "",
    "ae": "",
    "af_country": "Germany",
    "ag": "",
    "company_url": "https://10times.com/company/vdi-association-of-german-engineers"
  },
  {
    "a_date_farmed": "21/12/2024",
    "b_source": "10Times",
    "c_scraped_url": "https://10times.com/enforce-tac-nuremberg",
    "d": "New Lead",
    "e": "Opportunity",
    "f": "Juan",
    "g": "Juan",
    "h": "Lara",
    "i": "Scraping",
    "j": "EDU Business",
    "k": "EDU Events",
    "l": "",
    "m_date_of_event": "Mon, 24 - Wed, 26 Feb 2025",
    "n_event_name": "Enforce Tac",
    "o_description": "Followers",
    "p": "",
    "q": "",
    "r": "",
    "s_state_province": "NurnbergMesse GmbH, Nuremberg, GermanyGet Directions",
    "t": "germany",
    "u": "[region]",
    "v": "",
    "w": "",
    "x": "",
    "y": "",
    "z": "",
    "aa": "",
    "ab_business_info": "NurnbergMesse GmbH",
    "ac_website": "",
    "ad": "",
    "ae": "",
    "af_country": "",
    "ag": "",
    "company_url": "https://10times.com/company/nurnbergmesse"
  },
  {
    "a_date_farmed": "21/12/2024",
    "b_source": "10Times",
    "c_scraped_url": "https://10times.com/jobmesse-leipzig",
    "d": "New Lead",
    "e": "Opportunity",
    "f": "Juan",
    "g": "Juan",
    "h": "Lara",
    "i": "Scraping",
    "j": "EDU Business",
    "k": "EDU Events",
    "l": "",
    "m_date_of_event": "Fri, 24 - Sat, 25 Jan 2025",
    "n_event_name": "Leipzig Job Fair (Job- und Ausbildungsmesse Leipzig)",
    "o_description": "",
    "p": "",
    "q": "",
    "r": "",
    "s_state_province": "Leipzig",
    "t": "germany",
    "u": "[region]",
    "v": "",
    "w": "",
    "x": "",
    "y": "",
    "z": "",
    "aa": "",
    "ab_business_info": "",
    "ac_website": "",
    "ad": "",
    "ae": "",
    "af_country": "",
    "ag": ""
  },
  {
    "a_date_farmed": "21/12/2024",
    "b_source": "10Times",
    "c_scraped_url": "",
    "d": "New Lead",
    "e": "Opportunity",
    "f": "Juan",
    "g": "Juan",
    "h": "Lara",
    "i": "Scraping",
    "j": "EDU Business",
    "k": "EDU Events",
    "l": "",
    "m_date_of_event": "",
    "n_event_name": "",
    "o_description": "",
    "p": "",
    "q": "",
    "r": "",
    "s_state_province": "",
    "t": "germany",
    "u": "[region]",
    "v": "",
    "w": "",
    "x": "",
    "y": "",
    "z": "",
    "aa": "",
    "ab_business_info": "",
    "ac_website": "",
    "ad": "",
    "ae": "",
    "af_country": "",
    "ag": ""
  },
  {
    "a_date_farmed": "21/12/2024",
    "b_source": "10Times",
    "c_scraped_url": "",
    "d": "New Lead",
    "e": "Opportunity",
    "f": "Juan",
    "g": "Juan",
    "h": "Lara",
    "i": "Scraping",
    "j": "EDU Business",
    "k": "EDU Events",
    "l": "",
    "m_date_of_event": "",
    "n_event_name": "",
    "o_description": "",
    "p": "",
    "q": "",
    "r": "",
    "s_state_province": "",
    "t": "germany",
    "u": "[region]",
    "v": "",
    "w": "",
    "x": "",
    "y": "",
    "z": "",
    "aa": "",
    "ab_business_info": "",
    "ac_website": "",
    "ad": "",
    "ae": "",
    "af_country": "",
    "ag": ""
  }
]