[
  {
    "a_date_farmed": "21/12/2024",
    "b_source": "10Times",
    "c_scraped_url": "https://10times.com/e1ds-p34h-4p2r-s",
    "d": "New Lead",
    "e": "Opportunity",
    "f": "Juan",
    "g": "Juan",
    "h": "Lara",
    "i": "Scraping",
    "j": "EDU Business",
    "k": "EDU Events",
    "l": "",
    "m_date_of_event": "Wed, 18 Dec 2024",
    "n_event_name": "The Indonesia Annual Data Protection Summit",
    "o_description": "",
    "p": "",
    "q": "",
    "r": "",
    "s_state_province": "Setiabudi & Online",
    "t": "indonesia",
    "u": "[region]",
    "v": "",
    "w": "",
    "x": "",
    "y": "",
    "z": "",
    "aa": "",
    "ab_business_info": "",
    "ac_website": "",
    "ad": "",
    "ae": "",
    "af_country": "",
    "ag": ""
  },
  {
    "a_date_farmed": "21/12/2024",
    "b_source": "10Times",
    "c_scraped_url": "https://10times.com/iiete",
    "d": "New Lead",
    "e": "Opportunity",
    "f": "Juan",
    "g": "Juan",
    "h": "Lara",
    "i": "Scraping",
    "j": "EDU Business",
    "k": "EDU Events",
    "l": "",
    "m_date_of_event": "Thu, 23 - Sun, 26 Jan 2025",
    "n_event_name": "Indonesia International Education & Training Expo (IIETE Indonesia)",
    "o_description": "",
    "p": "",
    "q": "",
    "r": "",
    "s_state_province": "Jakarta",
    "t": "indonesia",
    "u": "[region]",
    "v": "",
    "w": "",
    "x": "",
    "y": "",
    "z": "",
    "aa": "",
    "ab_business_info": "",
    "ac_website": "",
    "ad": "",
    "ae": "",
    "af_country": "",
    "ag": ""
  },
  {
    "a_date_farmed": "21/12/2024",
    "b_source": "10Times",
    "c_scraped_url": "",
    "d": "New Lead",
    "e": "Opportunity",
    "f": "Juan",
    "g": "Juan",
    "h": "Lara",
    "i": "Scraping",
    "j": "EDU Business",
    "k": "EDU Events",
    "l": "",
    "m_date_of_event": "",
    "n_event_name": "",
    "o_description": "",
    "p": "",
    "q": "",
    "r": "",
    "s_state_province": "",
    "t": "indonesia",
    "u": "[region]",
    "v": "",
    "w": "",
    "x": "",
    "y": "",
    "z": "",
    "aa": "",
    "ab_business_info": "",
    "ac_website": "",
    "ad": "",
    "ae": "",
    "af_country": "",
    "ag": ""
  },
  {
    "a_date_farmed": "21/12/2024",
    "b_source": "10Times",
    "c_scraped_url": "https://10times.com/e1d4-2d51-kzgg-p",
    "d": "New Lead",
    "e": "Opportunity",
    "f": "Juan",
    "g": "Juan",
    "h": "Lara",
    "i": "Scraping",
    "j": "EDU Business",
    "k": "EDU Events",
    "l": "",
    "m_date_of_event": "Mon, 30 - Tue, 31 Dec 2024",
    "n_event_name": "International Conference on Humanities & Social Science (ICHSOS)",
    "o_description": "The International Conference on Humanities and Social Science (ICHSoS) covers topics such as gender equality, sustainable development, and social welfare policies in industry and infrastructure. It attracts participants globally and aims to promote academic and cultural exchange. Sustainable Development Goals have been a priority for countries worldwide.",
    "p": "",
    "q": "",
    "r": "",
    "s_state_province": "Rayz Hotel UMM, \t\t\t\t\t\t\t\t\t\t\tLowokwaru, IndonesiaGet Directions",
    "t": "indonesia",
    "u": "[region]",
    "v": "",
    "w": "",
    "x": "",
    "y": "",
    "z": "",
    "aa": "",
    "ab_business_info": "",
    "ac_website": "",
    "ad": "",
    "ae": "",
    "af_country": "",
    "ag": "",
    "company_url": ""
  },
  {
    "a_date_farmed": "21/12/2024",
    "b_source": "10Times",
    "c_scraped_url": "",
    "d": "New Lead",
    "e": "Opportunity",
    "f": "Juan",
    "g": "Juan",
    "h": "Lara",
    "i": "Scraping",
    "j": "EDU Business",
    "k": "EDU Events",
    "l": "",
    "m_date_of_event": "",
    "n_event_name": "",
    "o_description": "",
    "p": "",
    "q": "",
    "r": "",
    "s_state_province": "",
    "t": "indonesia",
    "u": "[region]",
    "v": "",
    "w": "",
    "x": "",
    "y": "",
    "z": "",
    "aa": "",
    "ab_business_info": "",
    "ac_website": "",
    "ad": "",
    "ae": "",
    "af_country": "",
    "ag": ""
  },
  {
    "a_date_farmed": "21/12/2024",
    "b_source": "10Times",
    "c_scraped_url": "https://10times.com/meit",
    "d": "New Lead",
    "e": "Opportunity",
    "f": "Juan",
    "g": "Juan",
    "h": "Lara",
    "i": "Scraping",
    "j": "EDU Business",
    "k": "EDU Events",
    "l": "",
    "m_date_of_event": "Sat, 04 - Sun, 05 Jan 2025",
    "n_event_name": "International Conference on Management Study, Engineering and Information Technology (MEIT)",
    "o_description": "Followers",
    "p": "",
    "q": "",
    "r": "",
    "s_state_province": "Hotel Santika Seminyak Bali, Kuta, IndonesiaGet Directions",
    "t": "indonesia",
    "u": "[region]",
    "v": "",
    "w": "",
    "x": "",
    "y": "",
    "z": "",
    "aa": "",
    "ab_business_info": "",
    "ac_website": "",
    "ad": "",
    "ae": "",
    "af_country": "",
    "ag": "",
    "company_url": ""
  },
  {
    "a_date_farmed": "21/12/2024",
    "b_source": "10Times",
    "c_scraped_url": "https://10times.com/e1d5-2z0x-4zxd-x",
    "d": "New Lead",
    "e": "Opportunity",
    "f": "Juan",
    "g": "Juan",
    "h": "Lara",
    "i": "Scraping",
    "j": "EDU Business",
    "k": "EDU Events",
    "l": "",
    "m_date_of_event": "Mon, 16 - Wed, 18 Dec 2024",
    "n_event_name": "International Congress on Advanced Applied Informatics (IIAI AAI)",
    "o_description": "A global event uniting scientists, engineers, computer enthusiasts, and students to share experiences and research findings in the fields of computer and information science.",
    "p": "",
    "q": "",
    "r": "",
    "s_state_province": "Hotel Ciputra Jakarta, Jakarta, IndonesiaGet Directions",
    "t": "indonesia",
    "u": "[region]",
    "v": "",
    "w": "",
    "x": "",
    "y": "",
    "z": "",
    "aa": "",
    "ab_business_info": "International Institute of Applied Informatics",
    "ac_website": "",
    "ad": "",
    "ae": "",
    "af_country": "Japan",
    "ag": "",
    "company_url": "https://10times.com/company/international-institute-of-applied-informatics"
  },
  {
    "a_date_farmed": "21/12/2024",
    "b_source": "10Times",
    "c_scraped_url": "https://10times.com/e1dd-2r5p-1g9x-x",
    "d": "New Lead",
    "e": "Opportunity",
    "f": "Juan",
    "g": "Juan",
    "h": "Lara",
    "i": "Scraping",
    "j": "EDU Business",
    "k": "EDU Events",
    "l": "",
    "m_date_of_event": "Wed, 08 - Sat, 11 Jan 2025",
    "n_event_name": "International course and conference in Jakarta, Indonesia",
    "o_description": "Followers",
    "p": "",
    "q": "",
    "r": "",
    "s_state_province": "Jakarta, Indonesia",
    "t": "indonesia",
    "u": "[region]",
    "v": "",
    "w": "",
    "x": "",
    "y": "",
    "z": "",
    "aa": "",
    "ab_business_info": "",
    "ac_website": "",
    "ad": "",
    "ae": "",
    "af_country": "",
    "ag": "",
    "company_url": ""
  },
  {
    "a_date_farmed": "21/12/2024",
    "b_source": "10Times",
    "c_scraped_url": "https://10times.com/e1d4-h4h5-s2pf-p",
    "d": "New Lead",
    "e": "Opportunity",
    "f": "Juan",
    "g": "Juan",
    "h": "Lara",
    "i": "Scraping",
    "j": "EDU Business",
    "k": "EDU Events",
    "l": "",
    "m_date_of_event": "Thu, 27 - Fri, 28 Feb 2025",
    "n_event_name": "International Conference on Computer, Cybernetics and Education (ICCCE)",
    "o_description": "Followers",
    "p": "",
    "q": "",
    "r": "",
    "s_state_province": "Jakarta, Indonesia",
    "t": "indonesia",
    "u": "[region]",
    "v": "",
    "w": "",
    "x": "",
    "y": "",
    "z": "",
    "aa": "",
    "ab_business_info": "",
    "ac_website": "",
    "ad": "",
    "ae": "",
    "af_country": "",
    "ag": "",
    "company_url": ""
  },
  {
    "a_date_farmed": "21/12/2024",
    "b_source": "10Times",
    "c_scraped_url": "https://10times.com/e1dd-1xz8-r2z9-k",
    "d": "New Lead",
    "e": "Opportunity",
    "f": "Juan",
    "g": "Juan",
    "h": "Lara",
    "i": "Scraping",
    "j": "EDU Business",
    "k": "EDU Events",
    "l": "",
    "m_date_of_event": "Sun, 15 - Thu, 19 Dec 2024",
    "n_event_name": "Strategic Sales Mastery for Transportation Leaders",
    "o_description": "",
    "p": "",
    "q": "",
    "r": "",
    "s_state_province": "",
    "t": "indonesia",
    "u": "[region]",
    "v": "",
    "w": "",
    "x": "",
    "y": "",
    "z": "",
    "aa": "",
    "ab_business_info": "",
    "ac_website": "",
    "ad": "",
    "ae": "",
    "af_country": "",
    "ag": "",
    "company_url": ""
  },
  {
    "a_date_farmed": "21/12/2024",
    "b_source": "10Times",
    "c_scraped_url": "https://10times.com/e1zs-2r7k-4gs9",
    "d": "New Lead",
    "e": "Opportunity",
    "f": "Juan",
    "g": "Juan",
    "h": "Lara",
    "i": "Scraping",
    "j": "EDU Business",
    "k": "EDU Events",
    "l": "",
    "m_date_of_event": "Tue, 17 - Wed, 18 Dec 2024",
    "n_event_name": "Academic International Conference on Multi-Disciplinary Studies and Education",
    "o_description": "",
    "p": "",
    "q": "",
    "r": "",
    "s_state_province": "",
    "t": "indonesia",
    "u": "[region]",
    "v": "",
    "w": "",
    "x": "",
    "y": "",
    "z": "",
    "aa": "",
    "ab_business_info": "",
    "ac_website": "",
    "ad": "",
    "ae": "",
    "af_country": "",
    "ag": "",
    "company_url": ""
  },
  {
    "a_date_farmed": "21/12/2024",
    "b_source": "10Times",
    "c_scraped_url": "https://10times.com/e1xp-gh12-p58x",
    "d": "New Lead",
    "e": "Opportunity",
    "f": "Juan",
    "g": "Juan",
    "h": "Lara",
    "i": "Scraping",
    "j": "EDU Business",
    "k": "EDU Events",
    "l": "",
    "m_date_of_event": "Sun, 15 - Thu, 19 Dec 2024",
    "n_event_name": "Smart Leadership",
    "o_description": "Followers",
    "p": "",
    "q": "",
    "r": "",
    "s_state_province": "Bali, Indonesia",
    "t": "indonesia",
    "u": "[region]",
    "v": "",
    "w": "",
    "x": "",
    "y": "",
    "z": "",
    "aa": "",
    "ab_business_info": "BMC Training",
    "ac_website": "",
    "ad": "",
    "ae": "",
    "af_country": "",
    "ag": "",
    "company_url": "https://10times.com/company/bmc-training"
  },
  {
    "a_date_farmed": "21/12/2024",
    "b_source": "10Times",
    "c_scraped_url": "https://10times.com/e1x0-5h50-xgpd",
    "d": "New Lead",
    "e": "Opportunity",
    "f": "Juan",
    "g": "Juan",
    "h": "Lara",
    "i": "Scraping",
    "j": "EDU Business",
    "k": "EDU Events",
    "l": "",
    "m_date_of_event": "Sun, 12 - Thu, 23 Jan 2025",
    "n_event_name": "Leadership and Management Skills for the Century",
    "o_description": "Followers",
    "p": "",
    "q": "",
    "r": "",
    "s_state_province": "Bali, Indonesia",
    "t": "indonesia",
    "u": "[region]",
    "v": "",
    "w": "",
    "x": "",
    "y": "",
    "z": "",
    "aa": "",
    "ab_business_info": "BMC Training",
    "ac_website": "",
    "ad": "",
    "ae": "",
    "af_country": "UK",
    "ag": "",
    "company_url": "https://10times.com/company/bmc-training"
  },
  {
    "a_date_farmed": "21/12/2024",
    "b_source": "10Times",
    "c_scraped_url": "https://10times.com/hbit",
    "d": "New Lead",
    "e": "Opportunity",
    "f": "Juan",
    "g": "Juan",
    "h": "Lara",
    "i": "Scraping",
    "j": "EDU Business",
    "k": "EDU Events",
    "l": "",
    "m_date_of_event": "Sat, 08 - Sun, 09 Feb 2025",
    "n_event_name": "International Conference on Human Resource, Business Innovation, Social sciences, Humanities & Technopreneurship...",
    "o_description": "",
    "p": "",
    "q": "",
    "r": "",
    "s_state_province": "",
    "t": "indonesia",
    "u": "[region]",
    "v": "",
    "w": "",
    "x": "",
    "y": "",
    "z": "",
    "aa": "",
    "ab_business_info": "",
    "ac_website": "",
    "ad": "",
    "ae": "",
    "af_country": "",
    "ag": "",
    "company_url": ""
  },
  {
    "a_date_farmed": "21/12/2024",
    "b_source": "10Times",
    "c_scraped_url": "https://10times.com/e1d2-h2f5-x2fk-d",
    "d": "New Lead",
    "e": "Opportunity",
    "f": "Juan",
    "g": "Juan",
    "h": "Lara",
    "i": "Scraping",
    "j": "EDU Business",
    "k": "EDU Events",
    "l": "",
    "m_date_of_event": "Mon, 06 - Wed, 08 Jan 2025",
    "n_event_name": "Chief Financial Officer (CFO) Leadership Program",
    "o_description": "Followers",
    "p": "",
    "q": "",
    "r": "",
    "s_state_province": "Jakarta, Indonesia",
    "t": "indonesia",
    "u": "[region]",
    "v": "",
    "w": "",
    "x": "",
    "y": "",
    "z": "",
    "aa": "",
    "ab_business_info": "Riverstone Training",
    "ac_website": "",
    "ad": "",
    "ae": "",
    "af_country": "",
    "ag": "",
    "company_url": "https://10times.com/company/riverstone-training"
  },
  {
    "a_date_farmed": "21/12/2024",
    "b_source": "10Times",
    "c_scraped_url": "",
    "d": "New Lead",
    "e": "Opportunity",
    "f": "Juan",
    "g": "Juan",
    "h": "Lara",
    "i": "Scraping",
    "j": "EDU Business",
    "k": "EDU Events",
    "l": "",
    "m_date_of_event": "",
    "n_event_name": "",
    "o_description": "",
    "p": "",
    "q": "",
    "r": "",
    "s_state_province": "",
    "t": "indonesia",
    "u": "[region]",
    "v": "",
    "w": "",
    "x": "",
    "y": "",
    "z": "",
    "aa": "",
    "ab_business_info": "",
    "ac_website": "",
    "ad": "",
    "ae": "",
    "af_country": "",
    "ag": ""
  },
  {
    "a_date_farmed": "21/12/2024",
    "b_source": "10Times",
    "c_scraped_url": "https://10times.com/e1rg-420s-f4zr",
    "d": "New Lead",
    "e": "Opportunity",
    "f": "Juan",
    "g": "Juan",
    "h": "Lara",
    "i": "Scraping",
    "j": "EDU Business",
    "k": "EDU Events",
    "l": "",
    "m_date_of_event": "Mon, 24 - Wed, 26 Feb 2025",
    "n_event_name": "ESG Masterclass",
    "o_description": "Followers",
    "p": "",
    "q": "",
    "r": "",
    "s_state_province": "Jakarta, Indonesia",
    "t": "indonesia",
    "u": "[region]",
    "v": "",
    "w": "",
    "x": "",
    "y": "",
    "z": "",
    "aa": "",
    "ab_business_info": "Riverstone Training",
    "ac_website": "",
    "ad": "",
    "ae": "",
    "af_country": "",
    "ag": "",
    "company_url": "https://10times.com/company/riverstone-training"
  },
  {
    "a_date_farmed": "21/12/2024",
    "b_source": "10Times",
    "c_scraped_url": "https://10times.com/e1r1-k2r1-z1rk",
    "d": "New Lead",
    "e": "Opportunity",
    "f": "Juan",
    "g": "Juan",
    "h": "Lara",
    "i": "Scraping",
    "j": "EDU Business",
    "k": "EDU Events",
    "l": "",
    "m_date_of_event": "Wed, 18 - Fri, 20 Dec 2024",
    "n_event_name": "Venture Capital Masterclass",
    "o_description": "Followers",
    "p": "",
    "q": "",
    "r": "",
    "s_state_province": "Jakarta, Indonesia",
    "t": "indonesia",
    "u": "[region]",
    "v": "",
    "w": "",
    "x": "",
    "y": "",
    "z": "",
    "aa": "",
    "ab_business_info": "Riverstone Training",
    "ac_website": "",
    "ad": "",
    "ae": "",
    "af_country": "",
    "ag": "",
    "company_url": "https://10times.com/company/riverstone-training"
  },
  {
    "a_date_farmed": "21/12/2024",
    "b_source": "10Times",
    "c_scraped_url": "https://10times.com/fund-raising-training-jakarta",
    "d": "New Lead",
    "e": "Opportunity",
    "f": "Juan",
    "g": "Juan",
    "h": "Lara",
    "i": "Scraping",
    "j": "EDU Business",
    "k": "EDU Events",
    "l": "",
    "m_date_of_event": "Wed, 02 - Fri, 04 Apr 2025",
    "n_event_name": "Startups Valuation and Fund Raising (SVFR Course)",
    "o_description": "Followers",
    "p": "",
    "q": "",
    "r": "",
    "s_state_province": "Jakarta, Indonesia",
    "t": "indonesia",
    "u": "[region]",
    "v": "",
    "w": "",
    "x": "",
    "y": "",
    "z": "",
    "aa": "",
    "ab_business_info": "Riverstone Training",
    "ac_website": "",
    "ad": "",
    "ae": "",
    "af_country": "",
    "ag": "",
    "company_url": "https://10times.com/company/riverstone-training"
  },
  {
    "a_date_farmed": "21/12/2024",
    "b_source": "10Times",
    "c_scraped_url": "https://10times.com/e1d2-1s32-fskg-z",
    "d": "New Lead",
    "e": "Opportunity",
    "f": "Juan",
    "g": "Juan",
    "h": "Lara",
    "i": "Scraping",
    "j": "EDU Business",
    "k": "EDU Events",
    "l": "",
    "m_date_of_event": "Sat, 18 - Thu, 30 Jan 2025",
    "n_event_name": "AIS Jakarta Orientation and Planning Days",
    "o_description": "Followers",
    "p": "",
    "q": "",
    "r": "",
    "s_state_province": "AIS Jakarta Campus, \t\t\t\t\t\t\t\t\t\t\tPasar Minggu, IndonesiaGet Directions",
    "t": "indonesia",
    "u": "[region]",
    "v": "",
    "w": "",
    "x": "",
    "y": "",
    "z": "",
    "aa": "",
    "ab_business_info": "",
    "ac_website": "",
    "ad": "",
    "ae": "",
    "af_country": "",
    "ag": "",
    "company_url": ""
  },
  {
    "a_date_farmed": "21/12/2024",
    "b_source": "10Times",
    "c_scraped_url": "https://10times.com/e1kx-rf02-3h5s",
    "d": "New Lead",
    "e": "Opportunity",
    "f": "Juan",
    "g": "Juan",
    "h": "Lara",
    "i": "Scraping",
    "j": "EDU Business",
    "k": "EDU Events",
    "l": "",
    "m_date_of_event": "Sun, 09 - Thu, 13 Feb 2025",
    "n_event_name": "Business Etiquette and Protocol - PRC22",
    "o_description": "Followers",
    "p": "",
    "q": "",
    "r": "",
    "s_state_province": "Bali, Indonesia",
    "t": "indonesia",
    "u": "[region]",
    "v": "",
    "w": "",
    "x": "",
    "y": "",
    "z": "",
    "aa": "",
    "ab_business_info": "BMC Training",
    "ac_website": "",
    "ad": "",
    "ae": "",
    "af_country": "",
    "ag": "",
    "company_url": "https://10times.com/company/bmc-training"
  },
  {
    "a_date_farmed": "21/12/2024",
    "b_source": "10Times",
    "c_scraped_url": "https://10times.com/ichssbm-surabaya",
    "d": "New Lead",
    "e": "Opportunity",
    "f": "Juan",
    "g": "Juan",
    "h": "Lara",
    "i": "Scraping",
    "j": "EDU Business",
    "k": "EDU Events",
    "l": "",
    "m_date_of_event": "Sun, 29 - Mon, 30 Dec 2024",
    "n_event_name": "International Conference on Humanities, Social Science and Business Management (ICHSSBM)",
    "o_description": "Followers",
    "p": "",
    "q": "",
    "r": "",
    "s_state_province": "Hotel Majapahit Surabaya managed by Accor Hotels, \t\t\t\t\t\t\t\t\t\t\tSurabaya, IndonesiaGet Directions",
    "t": "indonesia",
    "u": "[region]",
    "v": "",
    "w": "",
    "x": "",
    "y": "",
    "z": "",
    "aa": "",
    "ab_business_info": "",
    "ac_website": "",
    "ad": "",
    "ae": "",
    "af_country": "",
    "ag": "",
    "company_url": ""
  },
  {
    "a_date_farmed": "21/12/2024",
    "b_source": "10Times",
    "c_scraped_url": "https://10times.com/e1kf-0dz8-f0s5",
    "d": "New Lead",
    "e": "Opportunity",
    "f": "Juan",
    "g": "Juan",
    "h": "Lara",
    "i": "Scraping",
    "j": "EDU Business",
    "k": "EDU Events",
    "l": "",
    "m_date_of_event": "Sat, 05 Apr 2025",
    "n_event_name": "Begin Offline Edu Fair. Jakarta",
    "o_description": "This event caters to schoolchildren, parents, and university students searching for international study programs such as prep courses, Bachelor, Master, MBA, language, and summer programs. Participating institutions conduct a lead generation campaign through search engines, social media, and direct emails.",
    "p": "",
    "q": "",
    "r": "",
    "s_state_province": "InterContinental Jakarta Midplaza, Jakarta, IndonesiaGet Directions",
    "t": "indonesia",
    "u": "[region]",
    "v": "",
    "w": "",
    "x": "",
    "y": "",
    "z": "",
    "aa": "",
    "ab_business_info": "Begin Group",
    "ac_website": "",
    "ad": "",
    "ae": "",
    "af_country": "Germany",
    "ag": "",
    "company_url": "https://10times.com/company/begingroup"
  },
  {
    "a_date_farmed": "21/12/2024",
    "b_source": "10Times",
    "c_scraped_url": "https://10times.com/private-equity-training-indonesia",
    "d": "New Lead",
    "e": "Opportunity",
    "f": "Juan",
    "g": "Juan",
    "h": "Lara",
    "i": "Scraping",
    "j": "EDU Business",
    "k": "EDU Events",
    "l": "",
    "m_date_of_event": "Wed, 15 - Fri, 17 Jan 2025",
    "n_event_name": "Private Equity Masterclass",
    "o_description": "",
    "p": "",
    "q": "",
    "r": "",
    "s_state_province": "",
    "t": "indonesia",
    "u": "[region]",
    "v": "",
    "w": "",
    "x": "",
    "y": "",
    "z": "",
    "aa": "",
    "ab_business_info": "",
    "ac_website": "",
    "ad": "",
    "ae": "",
    "af_country": "",
    "ag": "",
    "company_url": ""
  },
  {
    "a_date_farmed": "21/12/2024",
    "b_source": "10Times",
    "c_scraped_url": "",
    "d": "New Lead",
    "e": "Opportunity",
    "f": "Juan",
    "g": "Juan",
    "h": "Lara",
    "i": "Scraping",
    "j": "EDU Business",
    "k": "EDU Events",
    "l": "",
    "m_date_of_event": "",
    "n_event_name": "",
    "o_description": "",
    "p": "",
    "q": "",
    "r": "",
    "s_state_province": "",
    "t": "indonesia",
    "u": "[region]",
    "v": "",
    "w": "",
    "x": "",
    "y": "",
    "z": "",
    "aa": "",
    "ab_business_info": "",
    "ac_website": "",
    "ad": "",
    "ae": "",
    "af_country": "",
    "ag": ""
  },
  {
    "a_date_farmed": "21/12/2024",
    "b_source": "10Times",
    "c_scraped_url": "https://10times.com/e1dh-x40x-k53f-x",
    "d": "New Lead",
    "e": "Opportunity",
    "f": "Juan",
    "g": "Juan",
    "h": "Lara",
    "i": "Scraping",
    "j": "EDU Business",
    "k": "EDU Events",
    "l": "",
    "m_date_of_event": "Mon, 13 - Wed, 15 Jan 2025",
    "n_event_name": "Commission on Legal Pluralism International course and conference",
    "o_description": "",
    "p": "",
    "q": "",
    "r": "",
    "s_state_province": "",
    "t": "indonesia",
    "u": "[region]",
    "v": "",
    "w": "",
    "x": "",
    "y": "",
    "z": "",
    "aa": "",
    "ab_business_info": "",
    "ac_website": "",
    "ad": "",
    "ae": "",
    "af_country": "",
    "ag": "",
    "company_url": ""
  },
  {
    "a_date_farmed": "21/12/2024",
    "b_source": "10Times",
    "c_scraped_url": "",
    "d": "New Lead",
    "e": "Opportunity",
    "f": "Juan",
    "g": "Juan",
    "h": "Lara",
    "i": "Scraping",
    "j": "EDU Business",
    "k": "EDU Events",
    "l": "",
    "m_date_of_event": "",
    "n_event_name": "",
    "o_description": "",
    "p": "",
    "q": "",
    "r": "",
    "s_state_province": "",
    "t": "indonesia",
    "u": "[region]",
    "v": "",
    "w": "",
    "x": "",
    "y": "",
    "z": "",
    "aa": "",
    "ab_business_info": "",
    "ac_website": "",
    "ad": "",
    "ae": "",
    "af_country": "",
    "ag": ""
  },
  {
    "a_date_farmed": "21/12/2024",
    "b_source": "10Times",
    "c_scraped_url": "https://10times.com/e1dz-343h-0phz-p",
    "d": "New Lead",
    "e": "Opportunity",
    "f": "Juan",
    "g": "Juan",
    "h": "Lara",
    "i": "Scraping",
    "j": "EDU Business",
    "k": "EDU Events",
    "l": "",
    "m_date_of_event": "Tue, 21 - Thu, 23 Jan 2025",
    "n_event_name": "International Association for the Study of Forced Migration Conference",
    "o_description": "Followers",
    "p": "",
    "q": "",
    "r": "",
    "s_state_province": "Faculty of Cultural Sciences UGM, Yogyakarta, IndonesiaGet Directions",
    "t": "indonesia",
    "u": "[region]",
    "v": "",
    "w": "",
    "x": "",
    "y": "",
    "z": "",
    "aa": "",
    "ab_business_info": "International Association for the Study of Forced Migration",
    "ac_website": "",
    "ad": "",
    "ae": "",
    "af_country": "",
    "ag": "",
    "company_url": "https://10times.com/company/international-association-for-study-forced-migration"
  },
  {
    "a_date_farmed": "21/12/2024",
    "b_source": "10Times",
    "c_scraped_url": "",
    "d": "New Lead",
    "e": "Opportunity",
    "f": "Juan",
    "g": "Juan",
    "h": "Lara",
    "i": "Scraping",
    "j": "EDU Business",
    "k": "EDU Events",
    "l": "",
    "m_date_of_event": "",
    "n_event_name": "",
    "o_description": "",
    "p": "",
    "q": "",
    "r": "",
    "s_state_province": "",
    "t": "indonesia",
    "u": "[region]",
    "v": "",
    "w": "",
    "x": "",
    "y": "",
    "z": "",
    "aa": "",
    "ab_business_info": "",
    "ac_website": "",
    "ad": "",
    "ae": "",
    "af_country": "",
    "ag": ""
  },
  {
    "a_date_farmed": "21/12/2024",
    "b_source": "10Times",
    "c_scraped_url": "https://10times.com/e1dd-3rf5-sr1h-8",
    "d": "New Lead",
    "e": "Opportunity",
    "f": "Juan",
    "g": "Juan",
    "h": "Lara",
    "i": "Scraping",
    "j": "EDU Business",
    "k": "EDU Events",
    "l": "",
    "m_date_of_event": "Mon, 17 - Tue, 18 Mar 2025",
    "n_event_name": "International Conference on Research Approaches in Social Science, Business, and E-Commerce (ICRASSBE)",
    "o_description": "Followers",
    "p": "",
    "q": "",
    "r": "",
    "s_state_province": "Bali, Indonesia",
    "t": "indonesia",
    "u": "[region]",
    "v": "",
    "w": "",
    "x": "",
    "y": "",
    "z": "",
    "aa": "",
    "ab_business_info": "",
    "ac_website": "",
    "ad": "",
    "ae": "",
    "af_country": "",
    "ag": "",
    "company_url": ""
  },
  {
    "a_date_farmed": "21/12/2024",
    "b_source": "10Times",
    "c_scraped_url": "https://10times.com/e1dd-3rf3-sz5r-8",
    "d": "New Lead",
    "e": "Opportunity",
    "f": "Juan",
    "g": "Juan",
    "h": "Lara",
    "i": "Scraping",
    "j": "EDU Business",
    "k": "EDU Events",
    "l": "",
    "m_date_of_event": "Mon, 17 - Tue, 18 Mar 2025",
    "n_event_name": "International Conference on Innovative Research in Education (ICIRE)",
    "o_description": "\"Best Conference in Bali, Indonesia\"ICIRE 2025 : International Conference on Innovative Research in Education 2025 aims to bring together leading academic scientists, researchers, and research scholars to exchange and share their experiences and research results on all aspects of Innovative Research in Education. It also provides a premier interdisciplinary platform for researchers, practitioners, and educators to present and discuss the most recent innovations, trends, and concerns as well as practical challenges encountered and solutions adopted in the fields of Innovative Research in Education.",
    "p": "",
    "q": "",
    "r": "",
    "s_state_province": "Bali, Indonesia",
    "t": "indonesia",
    "u": "[region]",
    "v": "",
    "w": "",
    "x": "",
    "y": "",
    "z": "",
    "aa": "",
    "ab_business_info": "",
    "ac_website": "",
    "ad": "",
    "ae": "",
    "af_country": "",
    "ag": "",
    "company_url": ""
  },
  {
    "a_date_farmed": "21/12/2024",
    "b_source": "10Times",
    "c_scraped_url": "https://10times.com/e1dd-321r-f3sz-f",
    "d": "New Lead",
    "e": "Opportunity",
    "f": "Juan",
    "g": "Juan",
    "h": "Lara",
    "i": "Scraping",
    "j": "EDU Business",
    "k": "EDU Events",
    "l": "",
    "m_date_of_event": "Mon, 17 - Tue, 18 Mar 2025",
    "n_event_name": "International Conference on Culture and History (ICCH)",
    "o_description": "",
    "p": "",
    "q": "",
    "r": "",
    "s_state_province": "",
    "t": "indonesia",
    "u": "[region]",
    "v": "",
    "w": "",
    "x": "",
    "y": "",
    "z": "",
    "aa": "",
    "ab_business_info": "",
    "ac_website": "",
    "ad": "",
    "ae": "",
    "af_country": "",
    "ag": "",
    "company_url": ""
  },
  {
    "a_date_farmed": "21/12/2024",
    "b_source": "10Times",
    "c_scraped_url": "https://10times.com/financial-analysis-training-jakarta",
    "d": "New Lead",
    "e": "Opportunity",
    "f": "Juan",
    "g": "Juan",
    "h": "Lara",
    "i": "Scraping",
    "j": "EDU Business",
    "k": "EDU Events",
    "l": "",
    "m_date_of_event": "Mon, 07 - Wed, 09 Apr 2025",
    "n_event_name": "Advanced Financial Analysis and Management",
    "o_description": "Followers",
    "p": "",
    "q": "",
    "r": "",
    "s_state_province": "Jakarta, Indonesia",
    "t": "indonesia",
    "u": "[region]",
    "v": "",
    "w": "",
    "x": "",
    "y": "",
    "z": "",
    "aa": "",
    "ab_business_info": "Riverstone Training",
    "ac_website": "",
    "ad": "",
    "ae": "",
    "af_country": "",
    "ag": "",
    "company_url": "https://10times.com/company/riverstone-training"
  },
  {
    "a_date_farmed": "21/12/2024",
    "b_source": "10Times",
    "c_scraped_url": "https://10times.com/e1d5-s4r0-r4gf-d",
    "d": "New Lead",
    "e": "Opportunity",
    "f": "Juan",
    "g": "Juan",
    "h": "Lara",
    "i": "Scraping",
    "j": "EDU Business",
    "k": "EDU Events",
    "l": "",
    "m_date_of_event": "Sat, 12 - Wed, 16 Apr 2025",
    "n_event_name": "International Family Systemic Constellations Therapy Training Institute & Conference",
    "o_description": "Followers",
    "p": "",
    "q": "",
    "r": "",
    "s_state_province": "Osho Retreat, \t\t\t\t\t\t\t\t\t\t\tUbud, IndonesiaGet Directions",
    "t": "indonesia",
    "u": "[region]",
    "v": "",
    "w": "",
    "x": "",
    "y": "",
    "z": "",
    "aa": "",
    "ab_business_info": "",
    "ac_website": "",
    "ad": "",
    "ae": "",
    "af_country": "",
    "ag": "",
    "company_url": ""
  },
  {
    "a_date_farmed": "21/12/2024",
    "b_source": "10Times",
    "c_scraped_url": "https://10times.com/graduate-expo",
    "d": "New Lead",
    "e": "Opportunity",
    "f": "Juan",
    "g": "Juan",
    "h": "Lara",
    "i": "Scraping",
    "j": "EDU Business",
    "k": "EDU Events",
    "l": "",
    "m_date_of_event": "Sat, 03 - Sun, 04 May 2025",
    "n_event_name": "World Post Graduate Expo",
    "o_description": "",
    "p": "",
    "q": "",
    "r": "",
    "s_state_province": "",
    "t": "indonesia",
    "u": "[region]",
    "v": "",
    "w": "",
    "x": "",
    "y": "",
    "z": "",
    "aa": "",
    "ab_business_info": "",
    "ac_website": "",
    "ad": "",
    "ae": "",
    "af_country": "",
    "ag": "",
    "company_url": ""
  },
  {
    "a_date_farmed": "21/12/2024",
    "b_source": "10Times",
    "c_scraped_url": "https://10times.com/e1d0-h5f0-s7ps-d",
    "d": "New Lead",
    "e": "Opportunity",
    "f": "Juan",
    "g": "Juan",
    "h": "Lara",
    "i": "Scraping",
    "j": "EDU Business",
    "k": "EDU Events",
    "l": "",
    "m_date_of_event": "Thu, 03 Jul 2025",
    "n_event_name": "CyberSecIndonesia Conference",
    "o_description": "Followers",
    "p": "",
    "q": "",
    "r": "",
    "s_state_province": "Jakarta, Indonesia",
    "t": "indonesia",
    "u": "[region]",
    "v": "",
    "w": "",
    "x": "",
    "y": "",
    "z": "",
    "aa": "",
    "ab_business_info": "Escom Events",
    "ac_website": "",
    "ad": "",
    "ae": "",
    "af_country": "Hong Kong",
    "ag": "",
    "company_url": "https://10times.com/company/escom-events"
  },
  {
    "a_date_farmed": "21/12/2024",
    "b_source": "10Times",
    "c_scraped_url": "https://10times.com/e1z3-d6x1-g6ph",
    "d": "New Lead",
    "e": "Opportunity",
    "f": "Juan",
    "g": "Juan",
    "h": "Lara",
    "i": "Scraping",
    "j": "EDU Business",
    "k": "EDU Events",
    "l": "",
    "m_date_of_event": "Tue, 12 - Wed, 13 Aug 2025",
    "n_event_name": "International Conference on Mining, Material, and Metallurgical Engineering (ICMMME)",
    "o_description": "",
    "p": "",
    "q": "",
    "r": "",
    "s_state_province": "",
    "t": "indonesia",
    "u": "[region]",
    "v": "",
    "w": "",
    "x": "",
    "y": "",
    "z": "",
    "aa": "",
    "ab_business_info": "",
    "ac_website": "",
    "ad": "",
    "ae": "",
    "af_country": "",
    "ag": "",
    "company_url": ""
  },
  {
    "a_date_farmed": "21/12/2024",
    "b_source": "10Times",
    "c_scraped_url": "https://10times.com/treasures-women-s-conference",
    "d": "New Lead",
    "e": "Opportunity",
    "f": "Juan",
    "g": "Juan",
    "h": "Lara",
    "i": "Scraping",
    "j": "EDU Business",
    "k": "EDU Events",
    "l": "",
    "m_date_of_event": "Fri, 05 - Sat, 06 Sep 2025",
    "n_event_name": "Treasures Women's Conference",
    "o_description": "Followers",
    "p": "",
    "q": "",
    "r": "",
    "s_state_province": "The Kasablanka, Jakarta, IndonesiaGet Directions",
    "t": "indonesia",
    "u": "[region]",
    "v": "",
    "w": "",
    "x": "",
    "y": "",
    "z": "",
    "aa": "",
    "ab_business_info": "",
    "ac_website": "",
    "ad": "",
    "ae": "",
    "af_country": "",
    "ag": "",
    "company_url": ""
  },
  {
    "a_date_farmed": "21/12/2024",
    "b_source": "10Times",
    "c_scraped_url": "https://10times.com/e1dd-48xf-45xk-z",
    "d": "New Lead",
    "e": "Opportunity",
    "f": "Juan",
    "g": "Juan",
    "h": "Lara",
    "i": "Scraping",
    "j": "EDU Business",
    "k": "EDU Events",
    "l": "",
    "m_date_of_event": "Fri, 26 - Sat, 27 Sep 2025",
    "n_event_name": "Higher Education Partnership Conference (HEPCON)",
    "o_description": "",
    "p": "",
    "q": "",
    "r": "",
    "s_state_province": "",
    "t": "indonesia",
    "u": "[region]",
    "v": "",
    "w": "",
    "x": "",
    "y": "",
    "z": "",
    "aa": "",
    "ab_business_info": "",
    "ac_website": "",
    "ad": "",
    "ae": "",
    "af_country": "",
    "ag": "",
    "company_url": ""
  },
  {
    "a_date_farmed": "21/12/2024",
    "b_source": "10Times",
    "c_scraped_url": "",
    "d": "New Lead",
    "e": "Opportunity",
    "f": "Juan",
    "g": "Juan",
    "h": "Lara",
    "i": "Scraping",
    "j": "EDU Business",
    "k": "EDU Events",
    "l": "",
    "m_date_of_event": "",
    "n_event_name": "",
    "o_description": "",
    "p": "",
    "q": "",
    "r": "",
    "s_state_province": "",
    "t": "indonesia",
    "u": "[region]",
    "v": "",
    "w": "",
    "x": "",
    "y": "",
    "z": "",
    "aa": "",
    "ab_business_info": "",
    "ac_website": "",
    "ad": "",
    "ae": "",
    "af_country": "",
    "ag": ""
  },
  {
    "a_date_farmed": "21/12/2024",
    "b_source": "10Times",
    "c_scraped_url": "https://10times.com/ictel-kuta",
    "d": "New Lead",
    "e": "Opportunity",
    "f": "Juan",
    "g": "Juan",
    "h": "Lara",
    "i": "Scraping",
    "j": "EDU Business",
    "k": "EDU Events",
    "l": "",
    "m_date_of_event": "Mon, 15 - Tue, 16 Dec 2025",
    "n_event_name": "International Conference on Teaching Education & Learning (ICTEL)",
    "o_description": "\"Collaborate to Co-create\"2025 EdTec - International Conference on Education & Learning Technology featuring a presentation on a multimodal ethnographic study of rural and urban public schools' pedagogy and its impact on student politicization.",
    "p": "",
    "q": "",
    "r": "",
    "s_state_province": "Hotel ibis Bali Kuta, Kuta, IndonesiaGet Directions",
    "t": "indonesia",
    "u": "[region]",
    "v": "",
    "w": "",
    "x": "",
    "y": "",
    "z": "",
    "aa": "",
    "ab_business_info": "Eurasia Research",
    "ac_website": "",
    "ad": "",
    "ae": "",
    "af_country": "India",
    "ag": "",
    "company_url": "https://10times.com/company/protobex-asia-expo"
  },
  {
    "a_date_farmed": "21/12/2024",
    "b_source": "10Times",
    "c_scraped_url": "https://10times.com/e1x4-z0r4-r0rk",
    "d": "New Lead",
    "e": "Opportunity",
    "f": "Juan",
    "g": "Juan",
    "h": "Lara",
    "i": "Scraping",
    "j": "EDU Business",
    "k": "EDU Events",
    "l": "",
    "m_date_of_event": "Sun, 01 - Thu, 26 Dec 2024",
    "n_event_name": "The Advanced Complete Course in Communications and Media-Intensive Practices and Case Studies",
    "o_description": "",
    "p": "",
    "q": "",
    "r": "",
    "s_state_province": "",
    "t": "indonesia",
    "u": "[region]",
    "v": "",
    "w": "",
    "x": "",
    "y": "",
    "z": "",
    "aa": "",
    "ab_business_info": "",
    "ac_website": "",
    "ad": "",
    "ae": "",
    "af_country": "",
    "ag": "",
    "company_url": ""
  },
  {
    "a_date_farmed": "21/12/2024",
    "b_source": "10Times",
    "c_scraped_url": "https://10times.com/e131-xgff-dd30",
    "d": "New Lead",
    "e": "Opportunity",
    "f": "Juan",
    "g": "Juan",
    "h": "Lara",
    "i": "Scraping",
    "j": "EDU Business",
    "k": "EDU Events",
    "l": "",
    "m_date_of_event": "Sun, 08 - Thu, 19 Dec 2024",
    "n_event_name": "The Complete Course on Management and Leadership",
    "o_description": "Followers",
    "p": "",
    "q": "",
    "r": "",
    "s_state_province": "Bali, Indonesia",
    "t": "indonesia",
    "u": "[region]",
    "v": "",
    "w": "",
    "x": "",
    "y": "",
    "z": "",
    "aa": "",
    "ab_business_info": "BMC Training",
    "ac_website": "",
    "ad": "",
    "ae": "",
    "af_country": "UK",
    "ag": "",
    "company_url": "https://10times.com/company/bmc-training"
  },
  {
    "a_date_farmed": "21/12/2024",
    "b_source": "10Times",
    "c_scraped_url": "https://10times.com/e1x2-h7x1-r9xk",
    "d": "New Lead",
    "e": "Opportunity",
    "f": "Juan",
    "g": "Juan",
    "h": "Lara",
    "i": "Scraping",
    "j": "EDU Business",
    "k": "EDU Events",
    "l": "",
    "m_date_of_event": "Sun, 08 - Thu, 19 Dec 2024",
    "n_event_name": "Achieving Leadership Success through People and Innovation",
    "o_description": "Followers",
    "p": "",
    "q": "",
    "r": "",
    "s_state_province": "Bali, Indonesia",
    "t": "indonesia",
    "u": "[region]",
    "v": "",
    "w": "",
    "x": "",
    "y": "",
    "z": "",
    "aa": "",
    "ab_business_info": "BMC Training",
    "ac_website": "",
    "ad": "",
    "ae": "",
    "af_country": "UK",
    "ag": "",
    "company_url": "https://10times.com/company/bmc-training"
  },
  {
    "a_date_farmed": "21/12/2024",
    "b_source": "10Times",
    "c_scraped_url": "https://10times.com/e1x5-g4f1-f0kp",
    "d": "New Lead",
    "e": "Opportunity",
    "f": "Juan",
    "g": "Juan",
    "h": "Lara",
    "i": "Scraping",
    "j": "EDU Business",
    "k": "EDU Events",
    "l": "",
    "m_date_of_event": "Sun, 08 - Thu, 19 Dec 2024",
    "n_event_name": "Strategic Planning, Management Control and Effective Budgeting",
    "o_description": "Followers",
    "p": "",
    "q": "",
    "r": "",
    "s_state_province": "Bali, Indonesia",
    "t": "indonesia",
    "u": "[region]",
    "v": "",
    "w": "",
    "x": "",
    "y": "",
    "z": "",
    "aa": "",
    "ab_business_info": "BMC Training",
    "ac_website": "",
    "ad": "",
    "ae": "",
    "af_country": "UK",
    "ag": "",
    "company_url": "https://10times.com/company/bmc-training"
  },
  {
    "a_date_farmed": "21/12/2024",
    "b_source": "10Times",
    "c_scraped_url": "https://10times.com/e1xg-17df-26fx",
    "d": "New Lead",
    "e": "Opportunity",
    "f": "Juan",
    "g": "Juan",
    "h": "Lara",
    "i": "Scraping",
    "j": "EDU Business",
    "k": "EDU Events",
    "l": "",
    "m_date_of_event": "Sun, 15 - Thu, 19 Dec 2024",
    "n_event_name": "Project Scheduling and Planning Skills",
    "o_description": "Followers",
    "p": "",
    "q": "",
    "r": "",
    "s_state_province": "Bali, Indonesia",
    "t": "indonesia",
    "u": "[region]",
    "v": "",
    "w": "",
    "x": "",
    "y": "",
    "z": "",
    "aa": "",
    "ab_business_info": "BMC Training",
    "ac_website": "",
    "ad": "",
    "ae": "",
    "af_country": "UK",
    "ag": "",
    "company_url": "https://10times.com/company/bmc-training"
  },
  {
    "a_date_farmed": "21/12/2024",
    "b_source": "10Times",
    "c_scraped_url": "https://10times.com/e11x-dfgh-6x34",
    "d": "New Lead",
    "e": "Opportunity",
    "f": "Juan",
    "g": "Juan",
    "h": "Lara",
    "i": "Scraping",
    "j": "EDU Business",
    "k": "EDU Events",
    "l": "",
    "m_date_of_event": "Sun, 15 - Thu, 19 Dec 2024",
    "n_event_name": "The Power of Leadership for Managers Level - MNG249",
    "o_description": "Followers",
    "p": "",
    "q": "",
    "r": "",
    "s_state_province": "Bali, Indonesia",
    "t": "indonesia",
    "u": "[region]",
    "v": "",
    "w": "",
    "x": "",
    "y": "",
    "z": "",
    "aa": "",
    "ab_business_info": "BMC Training",
    "ac_website": "",
    "ad": "",
    "ae": "",
    "af_country": "UK",
    "ag": "",
    "company_url": "https://10times.com/company/bmc-training"
  },
  {
    "a_date_farmed": "21/12/2024",
    "b_source": "10Times",
    "c_scraped_url": "",
    "d": "New Lead",
    "e": "Opportunity",
    "f": "Juan",
    "g": "Juan",
    "h": "Lara",
    "i": "Scraping",
    "j": "EDU Business",
    "k": "EDU Events",
    "l": "",
    "m_date_of_event": "",
    "n_event_name": "",
    "o_description": "",
    "p": "",
    "q": "",
    "r": "",
    "s_state_province": "",
    "t": "indonesia",
    "u": "[region]",
    "v": "",
    "w": "",
    "x": "",
    "y": "",
    "z": "",
    "aa": "",
    "ab_business_info": "",
    "ac_website": "",
    "ad": "",
    "ae": "",
    "af_country": "",
    "ag": ""
  },
  {
    "a_date_farmed": "21/12/2024",
    "b_source": "10Times",
    "c_scraped_url": "",
    "d": "New Lead",
    "e": "Opportunity",
    "f": "Juan",
    "g": "Juan",
    "h": "Lara",
    "i": "Scraping",
    "j": "EDU Business",
    "k": "EDU Events",
    "l": "",
    "m_date_of_event": "",
    "n_event_name": "",
    "o_description": "",
    "p": "",
    "q": "",
    "r": "",
    "s_state_province": "",
    "t": "indonesia",
    "u": "[region]",
    "v": "",
    "w": "",
    "x": "",
    "y": "",
    "z": "",
    "aa": "",
    "ab_business_info": "",
    "ac_website": "",
    "ad": "",
    "ae": "",
    "af_country": "",
    "ag": ""
  }
]