[
  {
    "a_date_farmed": "21/12/2024",
    "b_source": "10Times",
    "c_scraped_url": "https://10times.com/icbellp-paris",
    "d": "New Lead",
    "e": "Opportunity",
    "f": "Juan",
    "g": "Juan",
    "h": "Lara",
    "i": "Scraping",
    "j": "EDU Business",
    "k": "EDU Events",
    "l": "",
    "m_date_of_event": "Wed, 08 - Thu, 09 Jan 2025",
    "n_event_name": "International Conference on Business, Economics, Law, Language & Psychology (ICBELLP)",
    "o_description": "Followers",
    "p": "",
    "q": "",
    "r": "",
    "s_state_province": "Hotel Pullman Paris Centre Bercy, Paris, FranceGet Directions",
    "t": "france",
    "u": "[region]",
    "v": "",
    "w": "",
    "x": "",
    "y": "",
    "z": "",
    "aa": "",
    "ab_business_info": "Eurasia Research",
    "ac_website": "",
    "ad": "",
    "ae": "",
    "af_country": "India",
    "ag": "",
    "company_url": "https://10times.com/company/protobex-asia-expo"
  },
  {
    "a_date_farmed": "21/12/2024",
    "b_source": "10Times",
    "c_scraped_url": "https://10times.com/ictel-paris",
    "d": "New Lead",
    "e": "Opportunity",
    "f": "Juan",
    "g": "Juan",
    "h": "Lara",
    "i": "Scraping",
    "j": "EDU Business",
    "k": "EDU Events",
    "l": "",
    "m_date_of_event": "Tue, 07 - Wed, 08 Jan 2025",
    "n_event_name": "International Conference on Teaching, Education & Learning (TERA)",
    "o_description": "Followers",
    "p": "",
    "q": "",
    "r": "",
    "s_state_province": "Hotel Pullman Paris Centre Bercy, Paris, FranceGet Directions",
    "t": "france",
    "u": "[region]",
    "v": "",
    "w": "",
    "x": "",
    "y": "",
    "z": "",
    "aa": "",
    "ab_business_info": "Eurasia Research",
    "ac_website": "",
    "ad": "",
    "ae": "",
    "af_country": "India",
    "ag": "",
    "company_url": "https://10times.com/company/protobex-asia-expo"
  },
  {
    "a_date_farmed": "21/12/2024",
    "b_source": "10Times",
    "c_scraped_url": "",
    "d": "New Lead",
    "e": "Opportunity",
    "f": "Juan",
    "g": "Juan",
    "h": "Lara",
    "i": "Scraping",
    "j": "EDU Business",
    "k": "EDU Events",
    "l": "",
    "m_date_of_event": "",
    "n_event_name": "",
    "o_description": "",
    "p": "",
    "q": "",
    "r": "",
    "s_state_province": "",
    "t": "france",
    "u": "[region]",
    "v": "",
    "w": "",
    "x": "",
    "y": "",
    "z": "",
    "aa": "",
    "ab_business_info": "",
    "ac_website": "",
    "ad": "",
    "ae": "",
    "af_country": "",
    "ag": ""
  },
  {
    "a_date_farmed": "21/12/2024",
    "b_source": "10Times",
    "c_scraped_url": "https://10times.com/e14d-pkzh-h4x4-1",
    "d": "New Lead",
    "e": "Opportunity",
    "f": "Juan",
    "g": "Juan",
    "h": "Lara",
    "i": "Scraping",
    "j": "EDU Business",
    "k": "EDU Events",
    "l": "",
    "m_date_of_event": "Mon, 16 - Fri, 27 Dec 2024",
    "n_event_name": "The Contracts & Project Management MBA",
    "o_description": "Course Introduction World-class organisations understand well the benefits of lower total cost and higher productivity resulting from mastering best practices in the important phases of project and contract management. With a focus on the best practices for processes, methods, and techniques, this Contracts & Project Management MBA will make a great contribution to the skill sets of those involved in contracts and projects. This Oxford Management Centre MBA provides both strategic and practical insights into: Preparing and Administration of both the Project Plan and the Contract Critical Contractor Selection & Contractor Negotiations Identifying and Analyzing Project and Contract Risk Selecting and Leading Project and Contract Teams Setting and Measuring Project and Contractor Performance Goals.",
    "p": "",
    "q": "",
    "r": "",
    "s_state_province": "Paris, France",
    "t": "france",
    "u": "[region]",
    "v": "",
    "w": "",
    "x": "",
    "y": "",
    "z": "",
    "aa": "",
    "ab_business_info": "Oxford Management Centre",
    "ac_website": "",
    "ad": "",
    "ae": "",
    "af_country": "USA",
    "ag": "",
    "company_url": "https://10times.com/company/oxford-management-centre-united-states-of-america"
  },
  {
    "a_date_farmed": "21/12/2024",
    "b_source": "10Times",
    "c_scraped_url": "",
    "d": "New Lead",
    "e": "Opportunity",
    "f": "Juan",
    "g": "Juan",
    "h": "Lara",
    "i": "Scraping",
    "j": "EDU Business",
    "k": "EDU Events",
    "l": "",
    "m_date_of_event": "",
    "n_event_name": "",
    "o_description": "",
    "p": "",
    "q": "",
    "r": "",
    "s_state_province": "",
    "t": "france",
    "u": "[region]",
    "v": "",
    "w": "",
    "x": "",
    "y": "",
    "z": "",
    "aa": "",
    "ab_business_info": "",
    "ac_website": "",
    "ad": "",
    "ae": "",
    "af_country": "",
    "ag": ""
  },
  {
    "a_date_farmed": "21/12/2024",
    "b_source": "10Times",
    "c_scraped_url": "https://10times.com/e1dp-45k4-zh7g-k",
    "d": "New Lead",
    "e": "Opportunity",
    "f": "Juan",
    "g": "Juan",
    "h": "Lara",
    "i": "Scraping",
    "j": "EDU Business",
    "k": "EDU Events",
    "l": "",
    "m_date_of_event": "Mon, 16 - Fri, 20 Dec 2024",
    "n_event_name": "Strategy & Strategic Planning",
    "o_description": "Followers",
    "p": "",
    "q": "",
    "r": "",
    "s_state_province": "Paris, France",
    "t": "france",
    "u": "[region]",
    "v": "",
    "w": "",
    "x": "",
    "y": "",
    "z": "",
    "aa": "",
    "ab_business_info": "Oxford Management Centre",
    "ac_website": "",
    "ad": "",
    "ae": "",
    "af_country": "USA",
    "ag": "",
    "company_url": "https://10times.com/company/oxford-management-centre-united-states-of-america"
  },
  {
    "a_date_farmed": "21/12/2024",
    "b_source": "10Times",
    "c_scraped_url": "https://10times.com/icmsi-paris",
    "d": "New Lead",
    "e": "Opportunity",
    "f": "Juan",
    "g": "Juan",
    "h": "Lara",
    "i": "Scraping",
    "j": "EDU Business",
    "k": "EDU Events",
    "l": "",
    "m_date_of_event": "Mon, 30 - Tue, 31 Dec 2024",
    "n_event_name": "International Conference on Materials and Structural Integrity (ICMSI)",
    "o_description": "Followers",
    "p": "",
    "q": "",
    "r": "",
    "s_state_province": "Paris, France",
    "t": "france",
    "u": "[region]",
    "v": "",
    "w": "",
    "x": "",
    "y": "",
    "z": "",
    "aa": "",
    "ab_business_info": "World Academy of Science, Engineering and Technology",
    "ac_website": "",
    "ad": "",
    "ae": "",
    "af_country": "",
    "ag": "",
    "company_url": "https://10times.com/company/world-academy-science-and-technology"
  },
  {
    "a_date_farmed": "21/12/2024",
    "b_source": "10Times",
    "c_scraped_url": "https://10times.com/e11d-szdz-g8h1-8",
    "d": "New Lead",
    "e": "Opportunity",
    "f": "Juan",
    "g": "Juan",
    "h": "Lara",
    "i": "Scraping",
    "j": "EDU Business",
    "k": "EDU Events",
    "l": "",
    "m_date_of_event": "Mon, 30 Dec 2024 - Fri, 03 Jan 2025",
    "n_event_name": "Professional Leader",
    "o_description": "",
    "p": "",
    "q": "",
    "r": "",
    "s_state_province": "",
    "t": "france",
    "u": "[region]",
    "v": "",
    "w": "",
    "x": "",
    "y": "",
    "z": "",
    "aa": "",
    "ab_business_info": "",
    "ac_website": "",
    "ad": "",
    "ae": "",
    "af_country": "",
    "ag": "",
    "company_url": ""
  },
  {
    "a_date_farmed": "21/12/2024",
    "b_source": "10Times",
    "c_scraped_url": "https://10times.com/e14d-pkzh-4h3k-3",
    "d": "New Lead",
    "e": "Opportunity",
    "f": "Juan",
    "g": "Juan",
    "h": "Lara",
    "i": "Scraping",
    "j": "EDU Business",
    "k": "EDU Events",
    "l": "",
    "m_date_of_event": "Mon, 16 - Fri, 20 Dec 2024",
    "n_event_name": "Leadership Competencies for Leading the Organisation",
    "o_description": "",
    "p": "",
    "q": "",
    "r": "",
    "s_state_province": "",
    "t": "france",
    "u": "[region]",
    "v": "",
    "w": "",
    "x": "",
    "y": "",
    "z": "",
    "aa": "",
    "ab_business_info": "",
    "ac_website": "",
    "ad": "",
    "ae": "",
    "af_country": "",
    "ag": "",
    "company_url": ""
  },
  {
    "a_date_farmed": "21/12/2024",
    "b_source": "10Times",
    "c_scraped_url": "https://10times.com/e1d3-p7g3-d4fp-s",
    "d": "New Lead",
    "e": "Opportunity",
    "f": "Juan",
    "g": "Juan",
    "h": "Lara",
    "i": "Scraping",
    "j": "EDU Business",
    "k": "EDU Events",
    "l": "",
    "m_date_of_event": "Tue, 14 - Wed, 15 Jan 2025",
    "n_event_name": "International Conference on Virology",
    "o_description": "Followers",
    "p": "",
    "q": "",
    "r": "",
    "s_state_province": "Strasbourg, France",
    "t": "france",
    "u": "[region]",
    "v": "",
    "w": "",
    "x": "",
    "y": "",
    "z": "",
    "aa": "",
    "ab_business_info": "",
    "ac_website": "",
    "ad": "",
    "ae": "",
    "af_country": "",
    "ag": "",
    "company_url": ""
  },
  {
    "a_date_farmed": "21/12/2024",
    "b_source": "10Times",
    "c_scraped_url": "https://10times.com/e1d2-12p2-kzpp-h",
    "d": "New Lead",
    "e": "Opportunity",
    "f": "Juan",
    "g": "Juan",
    "h": "Lara",
    "i": "Scraping",
    "j": "EDU Business",
    "k": "EDU Events",
    "l": "",
    "m_date_of_event": "Mon, 06 - Fri, 10 Jan 2025",
    "n_event_name": "Building Personal Leadership Skills",
    "o_description": "Course Introduction This OXFORD Management Centre training course, “Building Personal Leadership Skills” has been specifically designed for developing leaders with cutting edge change management strategies, by empowering their personal development skills. Aldus Huxley, an English writer, novelist, philosopher, said, “There is only one corner of the universe you can be certain of improving, and that is your OWN SELF!” This revealing and personal transformational course, opens up the very powerful inner world, of where real success and achievement comes from.",
    "p": "",
    "q": "",
    "r": "",
    "s_state_province": "Paris, France",
    "t": "france",
    "u": "[region]",
    "v": "",
    "w": "",
    "x": "",
    "y": "",
    "z": "",
    "aa": "",
    "ab_business_info": "Oxford Management Centre",
    "ac_website": "",
    "ad": "",
    "ae": "",
    "af_country": "",
    "ag": "",
    "company_url": "https://10times.com/company/oxford-management-centre-united-states-of-america"
  },
  {
    "a_date_farmed": "21/12/2024",
    "b_source": "10Times",
    "c_scraped_url": "https://10times.com/e1dp-k033-4zgp-x",
    "d": "New Lead",
    "e": "Opportunity",
    "f": "Juan",
    "g": "Juan",
    "h": "Lara",
    "i": "Scraping",
    "j": "EDU Business",
    "k": "EDU Events",
    "l": "",
    "m_date_of_event": "Mon, 23 - Fri, 27 Dec 2024",
    "n_event_name": "Leadership Agility",
    "o_description": "",
    "p": "",
    "q": "",
    "r": "",
    "s_state_province": "",
    "t": "france",
    "u": "[region]",
    "v": "",
    "w": "",
    "x": "",
    "y": "",
    "z": "",
    "aa": "",
    "ab_business_info": "",
    "ac_website": "",
    "ad": "",
    "ae": "",
    "af_country": "",
    "ag": "",
    "company_url": ""
  },
  {
    "a_date_farmed": "21/12/2024",
    "b_source": "10Times",
    "c_scraped_url": "https://10times.com/iscsce",
    "d": "New Lead",
    "e": "Opportunity",
    "f": "Juan",
    "g": "Juan",
    "h": "Lara",
    "i": "Scraping",
    "j": "EDU Business",
    "k": "EDU Events",
    "l": "",
    "m_date_of_event": "Mon, 17 - Tue, 18 Feb 2025",
    "n_event_name": "International Conference on Computer Science and Software Engineering (ICCSSE)",
    "o_description": "",
    "p": "",
    "q": "",
    "r": "",
    "s_state_province": "",
    "t": "france",
    "u": "[region]",
    "v": "",
    "w": "",
    "x": "",
    "y": "",
    "z": "",
    "aa": "",
    "ab_business_info": "",
    "ac_website": "",
    "ad": "",
    "ae": "",
    "af_country": "",
    "ag": "",
    "company_url": ""
  },
  {
    "a_date_farmed": "21/12/2024",
    "b_source": "10Times",
    "c_scraped_url": "https://10times.com/e1k2-4z11-pspg",
    "d": "New Lead",
    "e": "Opportunity",
    "f": "Juan",
    "g": "Juan",
    "h": "Lara",
    "i": "Scraping",
    "j": "EDU Business",
    "k": "EDU Events",
    "l": "",
    "m_date_of_event": "Wed, 29 - Thu, 30 Jan 2025",
    "n_event_name": "HR Technologies France",
    "o_description": "",
    "p": "",
    "q": "",
    "r": "",
    "s_state_province": "",
    "t": "france",
    "u": "[region]",
    "v": "",
    "w": "",
    "x": "",
    "y": "",
    "z": "",
    "aa": "",
    "ab_business_info": "",
    "ac_website": "",
    "ad": "",
    "ae": "",
    "af_country": "",
    "ag": "",
    "company_url": ""
  },
  {
    "a_date_farmed": "21/12/2024",
    "b_source": "10Times",
    "c_scraped_url": "https://10times.com/e13d-pgd7-fpr4-3",
    "d": "New Lead",
    "e": "Opportunity",
    "f": "Juan",
    "g": "Juan",
    "h": "Lara",
    "i": "Scraping",
    "j": "EDU Business",
    "k": "EDU Events",
    "l": "",
    "m_date_of_event": "Tue, 14 - Wed, 15 Jan 2025",
    "n_event_name": "International Conference on Aquaculture and Fisheries Technology",
    "o_description": "Followers",
    "p": "",
    "q": "",
    "r": "",
    "s_state_province": "Strasbourg, France",
    "t": "france",
    "u": "[region]",
    "v": "",
    "w": "",
    "x": "",
    "y": "",
    "z": "",
    "aa": "",
    "ab_business_info": "",
    "ac_website": "",
    "ad": "",
    "ae": "",
    "af_country": "",
    "ag": "",
    "company_url": ""
  },
  {
    "a_date_farmed": "21/12/2024",
    "b_source": "10Times",
    "c_scraped_url": "",
    "d": "New Lead",
    "e": "Opportunity",
    "f": "Juan",
    "g": "Juan",
    "h": "Lara",
    "i": "Scraping",
    "j": "EDU Business",
    "k": "EDU Events",
    "l": "",
    "m_date_of_event": "",
    "n_event_name": "",
    "o_description": "",
    "p": "",
    "q": "",
    "r": "",
    "s_state_province": "",
    "t": "france",
    "u": "[region]",
    "v": "",
    "w": "",
    "x": "",
    "y": "",
    "z": "",
    "aa": "",
    "ab_business_info": "",
    "ac_website": "",
    "ad": "",
    "ae": "",
    "af_country": "",
    "ag": ""
  },
  {
    "a_date_farmed": "21/12/2024",
    "b_source": "10Times",
    "c_scraped_url": "https://10times.com/recruitment-forum-hec-paris",
    "d": "New Lead",
    "e": "Opportunity",
    "f": "Juan",
    "g": "Juan",
    "h": "Lara",
    "i": "Scraping",
    "j": "EDU Business",
    "k": "EDU Events",
    "l": "",
    "m_date_of_event": "Tue, 21 - Wed, 22 Jan 2025",
    "n_event_name": "HEC Paris Recruitment Forum",
    "o_description": "The HEC Carrefours are an opportunity for companies to meet diverse HEC Paris students and recruit candidates best suited to their needs. The event includes digital stands for interaction, specialized programs, support for management careers, and opportunities for startups and businesses to connect with students.",
    "p": "",
    "q": "",
    "r": "",
    "s_state_province": "HEC Paris, \t\t\t\t\t\t\t\t\t\t\tJouy-en-Josas, FranceGet Directions",
    "t": "france",
    "u": "[region]",
    "v": "",
    "w": "",
    "x": "",
    "y": "",
    "z": "",
    "aa": "",
    "ab_business_info": "",
    "ac_website": "",
    "ad": "",
    "ae": "",
    "af_country": "",
    "ag": "",
    "company_url": ""
  },
  {
    "a_date_farmed": "21/12/2024",
    "b_source": "10Times",
    "c_scraped_url": "https://10times.com/e1dz-d015-rp5g-s",
    "d": "New Lead",
    "e": "Opportunity",
    "f": "Juan",
    "g": "Juan",
    "h": "Lara",
    "i": "Scraping",
    "j": "EDU Business",
    "k": "EDU Events",
    "l": "",
    "m_date_of_event": "Mon, 13 - Fri, 17 Jan 2025",
    "n_event_name": "Leadership Masterclass",
    "o_description": "",
    "p": "",
    "q": "",
    "r": "",
    "s_state_province": "",
    "t": "france",
    "u": "[region]",
    "v": "",
    "w": "",
    "x": "",
    "y": "",
    "z": "",
    "aa": "",
    "ab_business_info": "",
    "ac_website": "",
    "ad": "",
    "ae": "",
    "af_country": "",
    "ag": "",
    "company_url": ""
  },
  {
    "a_date_farmed": "21/12/2024",
    "b_source": "10Times",
    "c_scraped_url": "https://10times.com/e10x-hs7f-gk57",
    "d": "New Lead",
    "e": "Opportunity",
    "f": "Juan",
    "g": "Juan",
    "h": "Lara",
    "i": "Scraping",
    "j": "EDU Business",
    "k": "EDU Events",
    "l": "",
    "m_date_of_event": "Wed, 08 - Thu, 09 Jan 2025",
    "n_event_name": "Paris International Conference on Research in Life",
    "o_description": "",
    "p": "",
    "q": "",
    "r": "",
    "s_state_province": "",
    "t": "france",
    "u": "[region]",
    "v": "",
    "w": "",
    "x": "",
    "y": "",
    "z": "",
    "aa": "",
    "ab_business_info": "",
    "ac_website": "",
    "ad": "",
    "ae": "",
    "af_country": "",
    "ag": "",
    "company_url": ""
  },
  {
    "a_date_farmed": "21/12/2024",
    "b_source": "10Times",
    "c_scraped_url": "https://10times.com/e1d4-p8kz-4h5z-s",
    "d": "New Lead",
    "e": "Opportunity",
    "f": "Juan",
    "g": "Juan",
    "h": "Lara",
    "i": "Scraping",
    "j": "EDU Business",
    "k": "EDU Events",
    "l": "",
    "m_date_of_event": "Mon, 16 - Fri, 20 Dec 2024",
    "n_event_name": "Leading the Organization",
    "o_description": "Followers",
    "p": "",
    "q": "",
    "r": "",
    "s_state_province": "Paris, France",
    "t": "france",
    "u": "[region]",
    "v": "",
    "w": "",
    "x": "",
    "y": "",
    "z": "",
    "aa": "",
    "ab_business_info": "Oxford Management Centre",
    "ac_website": "",
    "ad": "",
    "ae": "",
    "af_country": "USA",
    "ag": "",
    "company_url": "https://10times.com/company/oxford-management-centre-united-states-of-america"
  },
  {
    "a_date_farmed": "21/12/2024",
    "b_source": "10Times",
    "c_scraped_url": "https://10times.com/e14d-dr0d-h0gd-7",
    "d": "New Lead",
    "e": "Opportunity",
    "f": "Juan",
    "g": "Juan",
    "h": "Lara",
    "i": "Scraping",
    "j": "EDU Business",
    "k": "EDU Events",
    "l": "",
    "m_date_of_event": "Sun, 05 - Sun, 12 Jan 2025",
    "n_event_name": "Women LED Conference",
    "o_description": "Followers",
    "p": "",
    "q": "",
    "r": "",
    "s_state_province": "Val Thorens, \t\t\t\t\t\t\t\t\t\t\tSaint-Martin-de-Belleville, FranceGet Directions",
    "t": "france",
    "u": "[region]",
    "v": "",
    "w": "",
    "x": "",
    "y": "",
    "z": "",
    "aa": "",
    "ab_business_info": "",
    "ac_website": "",
    "ad": "",
    "ae": "",
    "af_country": "",
    "ag": "",
    "company_url": ""
  },
  {
    "a_date_farmed": "21/12/2024",
    "b_source": "10Times",
    "c_scraped_url": "https://10times.com/e15d-pkzz-p3d3-6",
    "d": "New Lead",
    "e": "Opportunity",
    "f": "Juan",
    "g": "Juan",
    "h": "Lara",
    "i": "Scraping",
    "j": "EDU Business",
    "k": "EDU Events",
    "l": "",
    "m_date_of_event": "Mon, 17 - Fri, 21 Feb 2025",
    "n_event_name": "Leading for Strategic Success",
    "o_description": "Followers",
    "p": "",
    "q": "",
    "r": "",
    "s_state_province": "Paris, France",
    "t": "france",
    "u": "[region]",
    "v": "",
    "w": "",
    "x": "",
    "y": "",
    "z": "",
    "aa": "",
    "ab_business_info": "Oxford Management Centre",
    "ac_website": "",
    "ad": "",
    "ae": "",
    "af_country": "USA",
    "ag": "",
    "company_url": "https://10times.com/company/oxford-management-centre-united-states-of-america"
  },
  {
    "a_date_farmed": "21/12/2024",
    "b_source": "10Times",
    "c_scraped_url": "https://10times.com/student-fair-rouen",
    "d": "New Lead",
    "e": "Opportunity",
    "f": "Juan",
    "g": "Juan",
    "h": "Lara",
    "i": "Scraping",
    "j": "EDU Business",
    "k": "EDU Events",
    "l": "",
    "m_date_of_event": "Fri, 10 - Sat, 11 Jan 2025",
    "n_event_name": "Student Fair Rouen",
    "o_description": "Followers",
    "p": "",
    "q": "",
    "r": "",
    "s_state_province": "Parc Exposition de Rouen, \t\t\t\t\t\t\t\t\t\t\tRouen, FranceGet Directions",
    "t": "france",
    "u": "[region]",
    "v": "",
    "w": "",
    "x": "",
    "y": "",
    "z": "",
    "aa": "",
    "ab_business_info": "L Etudiant",
    "ac_website": "",
    "ad": "",
    "ae": "",
    "af_country": "France",
    "ag": "",
    "company_url": "https://10times.com/company/l-etudiant"
  },
  {
    "a_date_farmed": "21/12/2024",
    "b_source": "10Times",
    "c_scraped_url": "https://10times.com/e1dh-fkhk-080d-8",
    "d": "New Lead",
    "e": "Opportunity",
    "f": "Juan",
    "g": "Juan",
    "h": "Lara",
    "i": "Scraping",
    "j": "EDU Business",
    "k": "EDU Events",
    "l": "",
    "m_date_of_event": "Mon, 27 - Fri, 31 Jan 2025",
    "n_event_name": "Knowledge Extraction and Management (EGC)",
    "o_description": "Followers",
    "p": "",
    "q": "",
    "r": "",
    "s_state_province": "Strasbourg, France",
    "t": "france",
    "u": "[region]",
    "v": "",
    "w": "",
    "x": "",
    "y": "",
    "z": "",
    "aa": "",
    "ab_business_info": "CNRS",
    "ac_website": "",
    "ad": "",
    "ae": "",
    "af_country": "",
    "ag": "",
    "company_url": "https://10times.com/company/cnrs-national-center-for-scientific-research"
  },
  {
    "a_date_farmed": "21/12/2024",
    "b_source": "10Times",
    "c_scraped_url": "",
    "d": "New Lead",
    "e": "Opportunity",
    "f": "Juan",
    "g": "Juan",
    "h": "Lara",
    "i": "Scraping",
    "j": "EDU Business",
    "k": "EDU Events",
    "l": "",
    "m_date_of_event": "",
    "n_event_name": "",
    "o_description": "",
    "p": "",
    "q": "",
    "r": "",
    "s_state_province": "",
    "t": "france",
    "u": "[region]",
    "v": "",
    "w": "",
    "x": "",
    "y": "",
    "z": "",
    "aa": "",
    "ab_business_info": "",
    "ac_website": "",
    "ad": "",
    "ae": "",
    "af_country": "",
    "ag": ""
  },
  {
    "a_date_farmed": "21/12/2024",
    "b_source": "10Times",
    "c_scraped_url": "https://10times.com/edhec-recruitment-fair",
    "d": "New Lead",
    "e": "Opportunity",
    "f": "Juan",
    "g": "Juan",
    "h": "Lara",
    "i": "Scraping",
    "j": "EDU Business",
    "k": "EDU Events",
    "l": "",
    "m_date_of_event": "Fri, 10 Jan 2025",
    "n_event_name": "EDHEC Recruitment Fair",
    "o_description": "Followers",
    "p": "",
    "q": "",
    "r": "",
    "s_state_province": "Espace Champerret, Paris, FranceGet Directions",
    "t": "france",
    "u": "[region]",
    "v": "",
    "w": "",
    "x": "",
    "y": "",
    "z": "",
    "aa": "",
    "ab_business_info": "edhec busines school",
    "ac_website": "",
    "ad": "",
    "ae": "",
    "af_country": "France",
    "ag": "",
    "company_url": "https://10times.com/company/edhec-busines-school"
  },
  {
    "a_date_farmed": "21/12/2024",
    "b_source": "10Times",
    "c_scraped_url": "",
    "d": "New Lead",
    "e": "Opportunity",
    "f": "Juan",
    "g": "Juan",
    "h": "Lara",
    "i": "Scraping",
    "j": "EDU Business",
    "k": "EDU Events",
    "l": "",
    "m_date_of_event": "",
    "n_event_name": "",
    "o_description": "",
    "p": "",
    "q": "",
    "r": "",
    "s_state_province": "",
    "t": "france",
    "u": "[region]",
    "v": "",
    "w": "",
    "x": "",
    "y": "",
    "z": "",
    "aa": "",
    "ab_business_info": "",
    "ac_website": "",
    "ad": "",
    "ae": "",
    "af_country": "",
    "ag": ""
  },
  {
    "a_date_farmed": "21/12/2024",
    "b_source": "10Times",
    "c_scraped_url": "https://10times.com/e1z3-z3s4-r5dd",
    "d": "New Lead",
    "e": "Opportunity",
    "f": "Juan",
    "g": "Juan",
    "h": "Lara",
    "i": "Scraping",
    "j": "EDU Business",
    "k": "EDU Events",
    "l": "",
    "m_date_of_event": "Wed, 22 - Fri, 24 Jan 2025",
    "n_event_name": "International Conference on Marketing, Education, Social Sciences and Humanities (PMESH-25)",
    "o_description": "\"Submit your paper or abstract or poster\"All accepted papers of the conference will be published in the printed conference proceedings with valid International ISBN number that will be registered at: London, UK that will be provided at the time of the conference. Each Paper will be assigned Digital Object Identifier DOI from CROSSREF. The proceedings of the Conference will be published by CPS (Conference Publishing Services) and will be will be archived in Engineering & Technology Digital Library. Each Paper will be assigned Digital           ..          continue reading            Object Identifier(DOI) from CROSSREF & online in Proc.ISSN Journals. The papers can be submitted to Emerging Sources Citation Index THOMSON REUTERS OR SCOPUS Indexed journals possible indexing with extra charges the conference fee is compulsory to be paidOne Excellent Session Paper will be selected from each oral session. The Certificate for Session's Excellent Papers will be awarded after each session of the conference",
    "p": "",
    "q": "",
    "r": "",
    "s_state_province": "Ibis Styles Paris Villejuif, \t\t\t\t\t\t\t\t\t\t\tVillejuif, FranceGet Directions",
    "t": "france",
    "u": "[region]",
    "v": "",
    "w": "",
    "x": "",
    "y": "",
    "z": "",
    "aa": "",
    "ab_business_info": "Eminent Association of Researchers in Humanities & Management Sciences",
    "ac_website": "",
    "ad": "",
    "ae": "",
    "af_country": "",
    "ag": "",
    "company_url": "https://10times.com/company/eminent-association-of-researchers-in-humanities-management-sciences"
  },
  {
    "a_date_farmed": "21/12/2024",
    "b_source": "10Times",
    "c_scraped_url": "",
    "d": "New Lead",
    "e": "Opportunity",
    "f": "Juan",
    "g": "Juan",
    "h": "Lara",
    "i": "Scraping",
    "j": "EDU Business",
    "k": "EDU Events",
    "l": "",
    "m_date_of_event": "",
    "n_event_name": "",
    "o_description": "",
    "p": "",
    "q": "",
    "r": "",
    "s_state_province": "",
    "t": "france",
    "u": "[region]",
    "v": "",
    "w": "",
    "x": "",
    "y": "",
    "z": "",
    "aa": "",
    "ab_business_info": "",
    "ac_website": "",
    "ad": "",
    "ae": "",
    "af_country": "",
    "ag": ""
  },
  {
    "a_date_farmed": "21/12/2024",
    "b_source": "10Times",
    "c_scraped_url": "https://10times.com/e13d-zfrs-p4z5-6",
    "d": "New Lead",
    "e": "Opportunity",
    "f": "Juan",
    "g": "Juan",
    "h": "Lara",
    "i": "Scraping",
    "j": "EDU Business",
    "k": "EDU Events",
    "l": "",
    "m_date_of_event": "Mon, 17 - Fri, 21 Feb 2025",
    "n_event_name": "Environmental, Social, and Governance (ESG) on Global Perspective",
    "o_description": "",
    "p": "",
    "q": "",
    "r": "",
    "s_state_province": "",
    "t": "france",
    "u": "[region]",
    "v": "",
    "w": "",
    "x": "",
    "y": "",
    "z": "",
    "aa": "",
    "ab_business_info": "",
    "ac_website": "",
    "ad": "",
    "ae": "",
    "af_country": "",
    "ag": "",
    "company_url": ""
  },
  {
    "a_date_farmed": "21/12/2024",
    "b_source": "10Times",
    "c_scraped_url": "https://10times.com/icc-international-mediation",
    "d": "New Lead",
    "e": "Opportunity",
    "f": "Juan",
    "g": "Juan",
    "h": "Lara",
    "i": "Scraping",
    "j": "EDU Business",
    "k": "EDU Events",
    "l": "",
    "m_date_of_event": "Mon, 03 - Sat, 08 Feb 2025",
    "n_event_name": "ICC International Commercial Mediation Competition",
    "o_description": "",
    "p": "",
    "q": "",
    "r": "",
    "s_state_province": "",
    "t": "france",
    "u": "[region]",
    "v": "",
    "w": "",
    "x": "",
    "y": "",
    "z": "",
    "aa": "",
    "ab_business_info": "",
    "ac_website": "",
    "ad": "",
    "ae": "",
    "af_country": "",
    "ag": "",
    "company_url": ""
  },
  {
    "a_date_farmed": "21/12/2024",
    "b_source": "10Times",
    "c_scraped_url": "https://10times.com/abcwims",
    "d": "New Lead",
    "e": "Opportunity",
    "f": "Juan",
    "g": "Juan",
    "h": "Lara",
    "i": "Scraping",
    "j": "EDU Business",
    "k": "EDU Events",
    "l": "",
    "m_date_of_event": "Sun, 12 - Fri, 17 Jan 2025",
    "n_event_name": "ABC WIN Seminar (ABCWIMS)",
    "o_description": "",
    "p": "",
    "q": "",
    "r": "",
    "s_state_province": "",
    "t": "france",
    "u": "[region]",
    "v": "",
    "w": "",
    "x": "",
    "y": "",
    "z": "",
    "aa": "",
    "ab_business_info": "",
    "ac_website": "",
    "ad": "",
    "ae": "",
    "af_country": "",
    "ag": "",
    "company_url": ""
  },
  {
    "a_date_farmed": "21/12/2024",
    "b_source": "10Times",
    "c_scraped_url": "https://10times.com/e15d-pkz1-zhp2-7",
    "d": "New Lead",
    "e": "Opportunity",
    "f": "Juan",
    "g": "Juan",
    "h": "Lara",
    "i": "Scraping",
    "j": "EDU Business",
    "k": "EDU Events",
    "l": "",
    "m_date_of_event": "Mon, 10 - Fri, 14 Feb 2025",
    "n_event_name": "Strategic HR Business Partner",
    "o_description": "",
    "p": "",
    "q": "",
    "r": "",
    "s_state_province": "",
    "t": "france",
    "u": "[region]",
    "v": "",
    "w": "",
    "x": "",
    "y": "",
    "z": "",
    "aa": "",
    "ab_business_info": "",
    "ac_website": "",
    "ad": "",
    "ae": "",
    "af_country": "",
    "ag": "",
    "company_url": ""
  },
  {
    "a_date_farmed": "21/12/2024",
    "b_source": "10Times",
    "c_scraped_url": "https://10times.com/e1d3-110d-pzhk-p",
    "d": "New Lead",
    "e": "Opportunity",
    "f": "Juan",
    "g": "Juan",
    "h": "Lara",
    "i": "Scraping",
    "j": "EDU Business",
    "k": "EDU Events",
    "l": "",
    "m_date_of_event": "Mon, 10 - Tue, 11 Feb 2025",
    "n_event_name": "Future Food Manufacturing Forum",
    "o_description": "",
    "p": "",
    "q": "",
    "r": "",
    "s_state_province": "",
    "t": "france",
    "u": "[region]",
    "v": "",
    "w": "",
    "x": "",
    "y": "",
    "z": "",
    "aa": "",
    "ab_business_info": "",
    "ac_website": "",
    "ad": "",
    "ae": "",
    "af_country": "",
    "ag": "",
    "company_url": ""
  },
  {
    "a_date_farmed": "21/12/2024",
    "b_source": "10Times",
    "c_scraped_url": "https://10times.com/access-masters-tour-paris",
    "d": "New Lead",
    "e": "Opportunity",
    "f": "Juan",
    "g": "Juan",
    "h": "Lara",
    "i": "Scraping",
    "j": "EDU Business",
    "k": "EDU Events",
    "l": "",
    "m_date_of_event": "Fri, 07 Feb 2025",
    "n_event_name": "Access Masters Tour Paris (Access Masters, vendredi 27 septembre)",
    "o_description": "Followers",
    "p": "",
    "q": "",
    "r": "",
    "s_state_province": "Paris Marriott Champs Elysees Hotel, Paris, FranceGet Directions",
    "t": "france",
    "u": "[region]",
    "v": "",
    "w": "",
    "x": "",
    "y": "",
    "z": "",
    "aa": "",
    "ab_business_info": "Advent Group",
    "ac_website": "",
    "ad": "",
    "ae": "",
    "af_country": "France",
    "ag": "",
    "company_url": "https://10times.com/company/advent-group-paris"
  },
  {
    "a_date_farmed": "21/12/2024",
    "b_source": "10Times",
    "c_scraped_url": "https://10times.com/e1xh-xss0-55r5",
    "d": "New Lead",
    "e": "Opportunity",
    "f": "Juan",
    "g": "Juan",
    "h": "Lara",
    "i": "Scraping",
    "j": "EDU Business",
    "k": "EDU Events",
    "l": "",
    "m_date_of_event": "Sun, 22 Dec 2024 - Thu, 02 Jan 2025",
    "n_event_name": "Achieving Leadership Success through People and Innovation",
    "o_description": "Followers",
    "p": "",
    "q": "",
    "r": "",
    "s_state_province": "Paris, France",
    "t": "france",
    "u": "[region]",
    "v": "",
    "w": "",
    "x": "",
    "y": "",
    "z": "",
    "aa": "",
    "ab_business_info": "BMC Training",
    "ac_website": "",
    "ad": "",
    "ae": "",
    "af_country": "UK",
    "ag": "",
    "company_url": "https://10times.com/company/bmc-training"
  },
  {
    "a_date_farmed": "21/12/2024",
    "b_source": "10Times",
    "c_scraped_url": "https://10times.com/access-mba-fr",
    "d": "New Lead",
    "e": "Opportunity",
    "f": "Juan",
    "g": "Juan",
    "h": "Lara",
    "i": "Scraping",
    "j": "EDU Business",
    "k": "EDU Events",
    "l": "",
    "m_date_of_event": "Sat, 08 Feb 2025",
    "n_event_name": "One-to-One MBA event (Salon des meilleurs MBA à Paris)",
    "o_description": "Followers",
    "p": "",
    "q": "",
    "r": "",
    "s_state_province": "Meliá Paris La Défense, Paris, FranceGet Directions",
    "t": "france",
    "u": "[region]",
    "v": "",
    "w": "",
    "x": "",
    "y": "",
    "z": "",
    "aa": "",
    "ab_business_info": "Advent Group",
    "ac_website": "",
    "ad": "",
    "ae": "",
    "af_country": "France",
    "ag": "",
    "company_url": "https://10times.com/company/advent-group-paris"
  },
  {
    "a_date_farmed": "21/12/2024",
    "b_source": "10Times",
    "c_scraped_url": "https://10times.com/learning-to-lead",
    "d": "New Lead",
    "e": "Opportunity",
    "f": "Juan",
    "g": "Juan",
    "h": "Lara",
    "i": "Scraping",
    "j": "EDU Business",
    "k": "EDU Events",
    "l": "",
    "m_date_of_event": "Mon, 03 - Thu, 06 Mar 2025",
    "n_event_name": "Learning to Lead",
    "o_description": "Followers",
    "p": "",
    "q": "",
    "r": "",
    "s_state_province": "Fontainebleau, France",
    "t": "france",
    "u": "[region]",
    "v": "",
    "w": "",
    "x": "",
    "y": "",
    "z": "",
    "aa": "",
    "ab_business_info": "Insead",
    "ac_website": "",
    "ad": "",
    "ae": "",
    "af_country": "",
    "ag": "",
    "company_url": "https://10times.com/company/insead"
  },
  {
    "a_date_farmed": "21/12/2024",
    "b_source": "10Times",
    "c_scraped_url": "https://10times.com/e1dp-01x4-2zsx-g",
    "d": "New Lead",
    "e": "Opportunity",
    "f": "Juan",
    "g": "Juan",
    "h": "Lara",
    "i": "Scraping",
    "j": "EDU Business",
    "k": "EDU Events",
    "l": "",
    "m_date_of_event": "Thu, 23 - Sat, 25 Jan 2025",
    "n_event_name": "CFE Bariatric Paris",
    "o_description": "",
    "p": "",
    "q": "",
    "r": "",
    "s_state_province": "",
    "t": "france",
    "u": "[region]",
    "v": "",
    "w": "",
    "x": "",
    "y": "",
    "z": "",
    "aa": "",
    "ab_business_info": "",
    "ac_website": "",
    "ad": "",
    "ae": "",
    "af_country": "",
    "ag": "",
    "company_url": ""
  },
  {
    "a_date_farmed": "21/12/2024",
    "b_source": "10Times",
    "c_scraped_url": "",
    "d": "New Lead",
    "e": "Opportunity",
    "f": "Juan",
    "g": "Juan",
    "h": "Lara",
    "i": "Scraping",
    "j": "EDU Business",
    "k": "EDU Events",
    "l": "",
    "m_date_of_event": "",
    "n_event_name": "",
    "o_description": "",
    "p": "",
    "q": "",
    "r": "",
    "s_state_province": "",
    "t": "france",
    "u": "[region]",
    "v": "",
    "w": "",
    "x": "",
    "y": "",
    "z": "",
    "aa": "",
    "ab_business_info": "",
    "ac_website": "",
    "ad": "",
    "ae": "",
    "af_country": "",
    "ag": ""
  },
  {
    "a_date_farmed": "21/12/2024",
    "b_source": "10Times",
    "c_scraped_url": "https://10times.com/e1zr-29x2-z9xz",
    "d": "New Lead",
    "e": "Opportunity",
    "f": "Juan",
    "g": "Juan",
    "h": "Lara",
    "i": "Scraping",
    "j": "EDU Business",
    "k": "EDU Events",
    "l": "",
    "m_date_of_event": "Sat, 25 Jan 2025",
    "n_event_name": "Studyrama Sup Alternance and Apprenticeship Fair - Back-to-School Special",
    "o_description": "",
    "p": "",
    "q": "",
    "r": "",
    "s_state_province": "",
    "t": "france",
    "u": "[region]",
    "v": "",
    "w": "",
    "x": "",
    "y": "",
    "z": "",
    "aa": "",
    "ab_business_info": "",
    "ac_website": "",
    "ad": "",
    "ae": "",
    "af_country": "",
    "ag": "",
    "company_url": ""
  },
  {
    "a_date_farmed": "21/12/2024",
    "b_source": "10Times",
    "c_scraped_url": "https://10times.com/e1xg-03f1-x6zs",
    "d": "New Lead",
    "e": "Opportunity",
    "f": "Juan",
    "g": "Juan",
    "h": "Lara",
    "i": "Scraping",
    "j": "EDU Business",
    "k": "EDU Events",
    "l": "",
    "m_date_of_event": "Sun, 05 - Thu, 09 Jan 2025",
    "n_event_name": "Category Management in Procurement",
    "o_description": "",
    "p": "",
    "q": "",
    "r": "",
    "s_state_province": "",
    "t": "france",
    "u": "[region]",
    "v": "",
    "w": "",
    "x": "",
    "y": "",
    "z": "",
    "aa": "",
    "ab_business_info": "",
    "ac_website": "",
    "ad": "",
    "ae": "",
    "af_country": "",
    "ag": "",
    "company_url": ""
  },
  {
    "a_date_farmed": "21/12/2024",
    "b_source": "10Times",
    "c_scraped_url": "https://10times.com/salon-studyrama-des-etudes-superieures-de-dijon",
    "d": "New Lead",
    "e": "Opportunity",
    "f": "Juan",
    "g": "Juan",
    "h": "Lara",
    "i": "Scraping",
    "j": "EDU Business",
    "k": "EDU Events",
    "l": "",
    "m_date_of_event": "Sat, 11 Jan 2025",
    "n_event_name": "Studyrama Fair for the Pursuit of Studies and Masters of Dijon",
    "o_description": "",
    "p": "",
    "q": "",
    "r": "",
    "s_state_province": "",
    "t": "france",
    "u": "[region]",
    "v": "",
    "w": "",
    "x": "",
    "y": "",
    "z": "",
    "aa": "",
    "ab_business_info": "",
    "ac_website": "",
    "ad": "",
    "ae": "",
    "af_country": "",
    "ag": "",
    "company_url": ""
  },
  {
    "a_date_farmed": "21/12/2024",
    "b_source": "10Times",
    "c_scraped_url": "https://10times.com/e1d0-03p3-kzzr-f",
    "d": "New Lead",
    "e": "Opportunity",
    "f": "Juan",
    "g": "Juan",
    "h": "Lara",
    "i": "Scraping",
    "j": "EDU Business",
    "k": "EDU Events",
    "l": "",
    "m_date_of_event": "Mon, 24 - Fri, 28 Feb 2025",
    "n_event_name": "Leading for Organisational Impact",
    "o_description": "",
    "p": "",
    "q": "",
    "r": "",
    "s_state_province": "",
    "t": "france",
    "u": "[region]",
    "v": "",
    "w": "",
    "x": "",
    "y": "",
    "z": "",
    "aa": "",
    "ab_business_info": "",
    "ac_website": "",
    "ad": "",
    "ae": "",
    "af_country": "",
    "ag": "",
    "company_url": ""
  },
  {
    "a_date_farmed": "21/12/2024",
    "b_source": "10Times",
    "c_scraped_url": "https://10times.com/e1dp-gdf3-7p2h-6",
    "d": "New Lead",
    "e": "Opportunity",
    "f": "Juan",
    "g": "Juan",
    "h": "Lara",
    "i": "Scraping",
    "j": "EDU Business",
    "k": "EDU Events",
    "l": "",
    "m_date_of_event": "Tue, 14 - Wed, 15 Jan 2025",
    "n_event_name": "International Conference on Environment and Life Science",
    "o_description": "",
    "p": "",
    "q": "",
    "r": "",
    "s_state_province": "",
    "t": "france",
    "u": "[region]",
    "v": "",
    "w": "",
    "x": "",
    "y": "",
    "z": "",
    "aa": "",
    "ab_business_info": "",
    "ac_website": "",
    "ad": "",
    "ae": "",
    "af_country": "",
    "ag": "",
    "company_url": ""
  },
  {
    "a_date_farmed": "21/12/2024",
    "b_source": "10Times",
    "c_scraped_url": "https://10times.com/e11x-phk5-x5r1",
    "d": "New Lead",
    "e": "Opportunity",
    "f": "Juan",
    "g": "Juan",
    "h": "Lara",
    "i": "Scraping",
    "j": "EDU Business",
    "k": "EDU Events",
    "l": "",
    "m_date_of_event": "Sun, 05 - Thu, 09 Jan 2025",
    "n_event_name": "Fraud, Theft, and Corruption in the Workplace",
    "o_description": "",
    "p": "",
    "q": "",
    "r": "",
    "s_state_province": "",
    "t": "france",
    "u": "[region]",
    "v": "",
    "w": "",
    "x": "",
    "y": "",
    "z": "",
    "aa": "",
    "ab_business_info": "",
    "ac_website": "",
    "ad": "",
    "ae": "",
    "af_country": "",
    "ag": "",
    "company_url": ""
  },
  {
    "a_date_farmed": "21/12/2024",
    "b_source": "10Times",
    "c_scraped_url": "https://10times.com/e1dp-5k1z-z5h4-r",
    "d": "New Lead",
    "e": "Opportunity",
    "f": "Juan",
    "g": "Juan",
    "h": "Lara",
    "i": "Scraping",
    "j": "EDU Business",
    "k": "EDU Events",
    "l": "",
    "m_date_of_event": "Mon, 10 - Fri, 14 Feb 2025",
    "n_event_name": "Authentic Leadership",
    "o_description": "Course Introduction “Authentic Leadership is the full expression of ‘me’ for the benefit of ‘we’.” – Henna Inam This training course gives leaders the tools they need to leverage the power of who they are in order to expand their sphere of influence in their organisations. Through a relational approach to leadership, staff members are inspired by the vision, encouraged, and enabled to follow through and even go the extra mile, bringing in their best work.",
    "p": "",
    "q": "",
    "r": "",
    "s_state_province": "Paris, France",
    "t": "france",
    "u": "[region]",
    "v": "",
    "w": "",
    "x": "",
    "y": "",
    "z": "",
    "aa": "",
    "ab_business_info": "Oxford Management Centre",
    "ac_website": "",
    "ad": "",
    "ae": "",
    "af_country": "",
    "ag": "",
    "company_url": "https://10times.com/company/oxford-management-centre-united-states-of-america"
  },
  {
    "a_date_farmed": "21/12/2024",
    "b_source": "10Times",
    "c_scraped_url": "",
    "d": "New Lead",
    "e": "Opportunity",
    "f": "Juan",
    "g": "Juan",
    "h": "Lara",
    "i": "Scraping",
    "j": "EDU Business",
    "k": "EDU Events",
    "l": "",
    "m_date_of_event": "",
    "n_event_name": "",
    "o_description": "",
    "p": "",
    "q": "",
    "r": "",
    "s_state_province": "",
    "t": "france",
    "u": "[region]",
    "v": "",
    "w": "",
    "x": "",
    "y": "",
    "z": "",
    "aa": "",
    "ab_business_info": "",
    "ac_website": "",
    "ad": "",
    "ae": "",
    "af_country": "",
    "ag": ""
  },
  {
    "a_date_farmed": "21/12/2024",
    "b_source": "10Times",
    "c_scraped_url": "",
    "d": "New Lead",
    "e": "Opportunity",
    "f": "Juan",
    "g": "Juan",
    "h": "Lara",
    "i": "Scraping",
    "j": "EDU Business",
    "k": "EDU Events",
    "l": "",
    "m_date_of_event": "",
    "n_event_name": "",
    "o_description": "",
    "p": "",
    "q": "",
    "r": "",
    "s_state_province": "",
    "t": "france",
    "u": "[region]",
    "v": "",
    "w": "",
    "x": "",
    "y": "",
    "z": "",
    "aa": "",
    "ab_business_info": "",
    "ac_website": "",
    "ad": "",
    "ae": "",
    "af_country": "",
    "ag": ""
  }
]